accepted_name,verbatim_name,taxonomic_status,species,taxon_rank,class,order,family,genus,is_marine,is_brackish,is_freshwater,taxon_id,ncbi_id
Clupea pallasii,Clupea pallasii,accepted,Clupea pallasii,species,Teleostei,Clupeiformes,Clupeidae,Clupea,TRUE,TRUE,TRUE,151159,30724
Parophrys vetulus,Parophrys vetulus,accepted,Parophrys vetulus,species,Teleostei,Pleuronectiformes,Pleuronectidae,Parophrys,TRUE,FALSE,FALSE,254393,172659
Atheresthes stomias,Atheresthes stomias,accepted,Atheresthes stomias,species,Teleostei,Pleuronectiformes,Pleuronectidae,Atheresthes,TRUE,FALSE,FALSE,279792,428034
Glyptocephalus zachirus,Glyptocephalus zachirus,accepted,Glyptocephalus zachirus,species,Teleostei,Pleuronectiformes,Pleuronectidae,Glyptocephalus,TRUE,FALSE,FALSE,274287,195612
Microstomus pacificus,Microstomus pacificus,accepted,Microstomus pacificus,species,Teleostei,Pleuronectiformes,Pleuronectidae,Microstomus,TRUE,FALSE,FALSE,274294,89058
Hydrolagus colliei,Hydrolagus colliei,accepted,Hydrolagus colliei,species,Holocephali,Chimaeriformes,Chimaeridae,Hydrolagus,TRUE,FALSE,FALSE,271406,7873
Lepidopsetta bilineata,Lepidopsetta bilineata,accepted,Lepidopsetta bilineata,species,Teleostei,Pleuronectiformes,Pleuronectidae,Lepidopsetta,TRUE,FALSE,FALSE,281305,195623
Sebastes alutus,Sebastes alutus,accepted,Sebastes alutus,species,Teleostei,Perciformes,Sebastidae,Sebastes,TRUE,FALSE,FALSE,254573,72055
Oncorhynchus nerka,Oncorhynchus nerka,accepted,Oncorhynchus nerka,species,Teleostei,Salmoniformes,Salmonidae,Oncorhynchus,TRUE,TRUE,TRUE,254569,8023
Sebastolobus alascanus,Sebastolobus alascanus,accepted,Sebastolobus alascanus,species,Teleostei,Perciformes,Sebastidae,Sebastolobus,TRUE,FALSE,FALSE,282740,72110
Thaleichthys pacificus,Thaleichthys pacificus,accepted,Thaleichthys pacificus,species,Teleostei,Osmeriformes,Osmeridae,Thaleichthys,TRUE,TRUE,TRUE,282959,240832
Oncorhynchus kisutch,Oncorhynchus kisutch,accepted,Oncorhynchus kisutch,species,Teleostei,Salmoniformes,Salmonidae,Oncorhynchus,TRUE,TRUE,TRUE,127184,8019
Gadus macrocephalus,Gadus macrocephalus,accepted,Gadus macrocephalus,species,Teleostei,Gadiformes,Gadidae,Gadus,TRUE,TRUE,FALSE,254538,80720
Gadus chalcogrammus,Gadus chalcogrammus,accepted,Gadus chalcogrammus,species,Teleostei,Gadiformes,Gadidae,Gadus,TRUE,TRUE,FALSE,300735,1042646
Squalus suckleyi,Squalus suckleyi,accepted,Squalus suckleyi,species,Elasmobranchii,Squaliformes,Squalidae,Squalus,TRUE,TRUE,FALSE,299224,7798
Sebastes ruberrimus,Sebastes ruberrimus,accepted,Sebastes ruberrimus,species,Teleostei,Perciformes,Sebastidae,Sebastes,TRUE,FALSE,FALSE,274844,72098
Citharichthys sordidus,Citharichthys sordidus,accepted,Citharichthys sordidus,species,Teleostei,Pleuronectiformes,Paralichthyidae,Citharichthys,TRUE,FALSE,FALSE,275694,319774
Anoplopoma fimbria,Anoplopoma fimbria,accepted,Anoplopoma fimbria,species,Teleostei,Perciformes,Anoplopomatidae,Anoplopoma,TRUE,FALSE,FALSE,159463,229290
Hippoglossoides elassodon,Hippoglossoides elassodon,accepted,Hippoglossoides elassodon,species,Teleostei,Pleuronectiformes,Pleuronectidae,Hippoglossoides,TRUE,FALSE,FALSE,274289,30945
Sebastes maliger,Sebastes maliger,accepted,Sebastes maliger,species,Teleostei,Perciformes,Sebastidae,Sebastes,TRUE,FALSE,FALSE,274815,72084
Sebastes brevispinis,Sebastes brevispinis,accepted,Sebastes brevispinis,species,Teleostei,Perciformes,Sebastidae,Sebastes,TRUE,FALSE,FALSE,274778,72060
Oncorhynchus keta,Oncorhynchus keta,accepted,Oncorhynchus keta,species,Teleostei,Salmoniformes,Salmonidae,Oncorhynchus,TRUE,TRUE,TRUE,127183,8018
Oncorhynchus gorbuscha,Oncorhynchus gorbuscha,accepted,Oncorhynchus gorbuscha,species,Teleostei,Salmoniformes,Salmonidae,Oncorhynchus,TRUE,TRUE,TRUE,127182,8017
Sebastes babcocki,Sebastes babcocki,accepted,Sebastes babcocki,species,Teleostei,Perciformes,Sebastidae,Sebastes,TRUE,FALSE,FALSE,274775,72059
Merluccius productus,Merluccius productus,accepted,Merluccius productus,species,Teleostei,Gadiformes,Merlucciidae,Merluccius,TRUE,TRUE,FALSE,272458,89952
Sebastes zacentrus,Sebastes zacentrus,accepted,Sebastes zacentrus,species,Teleostei,Perciformes,Sebastidae,Sebastes,TRUE,FALSE,FALSE,274869,72108
Sebastes proriger,Sebastes proriger,accepted,Sebastes proriger,species,Teleostei,Perciformes,Sebastidae,Sebastes,TRUE,FALSE,FALSE,274838,394703
Lyopsetta exilis,Lyopsetta exilis,accepted,Lyopsetta exilis,species,Teleostei,Pleuronectiformes,Pleuronectidae,Lyopsetta,TRUE,FALSE,FALSE,281452,195626
Hippoglossus stenolepis,Hippoglossus stenolepis,accepted,Hippoglossus stenolepis,species,Teleostei,Pleuronectiformes,Pleuronectidae,Hippoglossus,TRUE,FALSE,FALSE,274290,195615
Eopsetta jordani,Eopsetta jordani,accepted,Eopsetta jordani,species,Teleostei,Pleuronectiformes,Pleuronectidae,Eopsetta,TRUE,FALSE,FALSE,280690,195609
Sebastes helvomaculatus,Sebastes helvomaculatus,accepted,Sebastes helvomaculatus,species,Teleostei,Perciformes,Sebastidae,Sebastes,TRUE,FALSE,FALSE,274799,72079
Microgadus proximus,Microgadus proximus,accepted,Microgadus proximus,species,Teleostei,Gadiformes,Gadidae,Microgadus,TRUE,TRUE,FALSE,275873,80721
Oncorhynchus tshawytscha,Oncorhynchus tshawytscha,accepted,Oncorhynchus tshawytscha,species,Teleostei,Salmoniformes,Salmonidae,Oncorhynchus,TRUE,TRUE,TRUE,158075,74940
Sebastes flavidus,Sebastes flavidus,accepted,Sebastes flavidus,species,Teleostei,Perciformes,Sebastidae,Sebastes,TRUE,FALSE,FALSE,274795,72076
Ophiodon elongatus,Ophiodon elongatus,accepted,Ophiodon elongatus,species,Teleostei,Perciformes,Hexagrammidae,Ophiodon,TRUE,FALSE,FALSE,240745,225387
Sebastes reedi,Sebastes reedi,accepted,Sebastes reedi,species,Teleostei,Perciformes,Sebastidae,Sebastes,TRUE,FALSE,FALSE,274840,394704
Psettichthys melanostictus,Psettichthys melanostictus,accepted,Psettichthys melanostictus,species,Teleostei,Pleuronectiformes,Pleuronectidae,Psettichthys,TRUE,FALSE,FALSE,282396,195639
Sebastes pinniger,Sebastes pinniger,accepted,Sebastes pinniger,species,Teleostei,Perciformes,Sebastidae,Sebastes,TRUE,FALSE,FALSE,274836,72094
Sebastes elongatus,Sebastes elongatus,accepted,Sebastes elongatus,species,Teleostei,Perciformes,Sebastidae,Sebastes,TRUE,FALSE,FALSE,274788,72070
Isopsetta isolepis,Isopsetta isolepis,accepted,Isopsetta isolepis,species,Teleostei,Pleuronectiformes,Pleuronectidae,Isopsetta,TRUE,FALSE,FALSE,281189,195617
Oncorhynchus mykiss,Oncorhynchus mykiss,accepted,Oncorhynchus mykiss,species,Teleostei,Salmoniformes,Salmonidae,Oncorhynchus,TRUE,TRUE,TRUE,127185,8022
Sebastes diploproa,Sebastes diploproa,accepted,Sebastes diploproa,species,Teleostei,Perciformes,Sebastidae,Sebastes,TRUE,FALSE,FALSE,274787,72069
Lycodes pacificus,Lycodes pacificus,accepted,Lycodes pacificus,species,Teleostei,Perciformes,Zoarcidae,Lycodes,TRUE,FALSE,FALSE,274116,1772091
Sebastolobus altivelis,Sebastolobus altivelis,accepted,Sebastolobus altivelis,species,Teleostei,Perciformes,Sebastidae,Sebastolobus,TRUE,FALSE,FALSE,282741,8110
Ammodytes personatus,Ammodytes personatus,accepted,Ammodytes personatus,species,Teleostei,Perciformes,Ammodytidae,Ammodytes,TRUE,FALSE,FALSE,272967,215382
Beringraja rhina,Beringraja rhina,accepted,Beringraja rhina,species,Elasmobranchii,Rajiformes,Rajidae,Beringraja,TRUE,FALSE,FALSE,1461133,2838338
Sebastes caurinus,Sebastes caurinus,accepted,Sebastes caurinus,species,Teleostei,Perciformes,Sebastidae,Sebastes,TRUE,FALSE,FALSE,274780,72063
Beringraja binoculata,Beringraja binoculata,accepted,Beringraja binoculata,species,Elasmobranchii,Rajiformes,Rajidae,Beringraja,TRUE,FALSE,FALSE,1021330,2838337
Sebastes paucispinis,Sebastes paucispinis,accepted,Sebastes paucispinis,species,Teleostei,Perciformes,Sebastidae,Sebastes,TRUE,FALSE,FALSE,274833,72093
Coryphaenoides acrolepis,Coryphaenoides acrolepis,accepted,Coryphaenoides acrolepis,species,Teleostei,Gadiformes,Macrouridae,Coryphaenoides,TRUE,FALSE,FALSE,272313,83390
Pleuronichthys decurrens,Pleuronichthys decurrens,accepted,Pleuronichthys decurrens,species,Teleostei,Pleuronectiformes,Pleuronectidae,Pleuronichthys,TRUE,FALSE,FALSE,282292,320379
Sebastes entomelas,Sebastes entomelas,accepted,Sebastes entomelas,species,Teleostei,Perciformes,Sebastidae,Sebastes,TRUE,FALSE,FALSE,274791,72073
Sebastes crameri,Sebastes crameri,accepted,Sebastes crameri,species,Teleostei,Perciformes,Sebastidae,Sebastes,TRUE,FALSE,FALSE,274785,72067
Sebastes wilsoni,Sebastes wilsoni,accepted,Sebastes wilsoni,species,Teleostei,Perciformes,Sebastidae,Sebastes,TRUE,FALSE,FALSE,274868,72107
Coryphaenoides cinereus,Coryphaenoides cinereus,accepted,Coryphaenoides cinereus,species,Teleostei,Gadiformes,Macrouridae,Coryphaenoides,TRUE,FALSE,FALSE,272326,83391
Sebastes nebulosus,Sebastes nebulosus,accepted,Sebastes nebulosus,species,Teleostei,Perciformes,Sebastidae,Sebastes,TRUE,FALSE,FALSE,274824,394698
Sebastes variegatus,Sebastes variegatus,accepted,Sebastes variegatus,species,Teleostei,Perciformes,Sebastidae,Sebastes,TRUE,FALSE,FALSE,274863,72106
Bathyraja interrupta,Bathyraja interrupta,accepted,Bathyraja interrupta,species,Elasmobranchii,Rajiformes,Arhynchobatidae,Bathyraja,TRUE,FALSE,FALSE,271515,341244
Sebastes borealis,Sebastes borealis,accepted,Sebastes borealis,species,Teleostei,Perciformes,Sebastidae,Sebastes,TRUE,FALSE,FALSE,274777,394687
Cymatogaster aggregata,Cymatogaster aggregata,accepted,Cymatogaster aggregata,species,Teleostei,Ovalentaria incertae sedis,Embiotocidae,Cymatogaster,TRUE,TRUE,FALSE,280461,50794
Hexagrammos decagrammus,Hexagrammos decagrammus,accepted,Hexagrammos decagrammus,species,Teleostei,Perciformes,Hexagrammidae,Hexagrammos,TRUE,FALSE,FALSE,240732,274741
Podothecus accipenserinus,Podothecus accipenserinus,accepted,Podothecus accipenserinus,species,Teleostei,Perciformes,Agonidae,Podothecus,TRUE,FALSE,FALSE,254501,320612
Sebastes jordani,Sebastes jordani,accepted,Sebastes jordani,species,Teleostei,Perciformes,Sebastidae,Sebastes,TRUE,FALSE,FALSE,274806,72081
Albatrossia pectoralis,Albatrossia pectoralis,accepted,Albatrossia pectoralis,species,Teleostei,Gadiformes,Macrouridae,Albatrossia,TRUE,FALSE,FALSE,236135,83392
Malacocottus kincaidi,Malacocottus kincaidi,accepted,Malacocottus kincaidi,species,Teleostei,Perciformes,Psychrolutidae,Malacocottus,TRUE,FALSE,FALSE,279442,433396
Malacocottus zonurus,Malacocottus zonurus,accepted,Malacocottus zonurus,species,Teleostei,Perciformes,Psychrolutidae,Malacocottus,TRUE,FALSE,FALSE,254406,200682
Lumpenus sagitta,Lumpenus sagitta,accepted,Lumpenus sagitta,species,Teleostei,Perciformes,Lumpenidae,Lumpenus,TRUE,FALSE,FALSE,254579,428036
Salmo salar,Salmo salar,accepted,Salmo salar,species,Teleostei,Salmoniformes,Salmonidae,Salmo,TRUE,TRUE,TRUE,127186,8030
Lycodes brevipes,Lycodes brevipes,accepted,Lycodes brevipes,species,Teleostei,Perciformes,Zoarcidae,Lycodes,TRUE,FALSE,FALSE,254595,433387
Lycodes cortezianus,Lycodes cortezianus,accepted,Lycodes cortezianus,species,Teleostei,Perciformes,Zoarcidae,Lycodes,TRUE,FALSE,FALSE,274097,57818
Sebastes nigrocinctus,Sebastes nigrocinctus,accepted,Sebastes nigrocinctus,species,Teleostei,Perciformes,Sebastidae,Sebastes,TRUE,FALSE,FALSE,274825,72089
Antimora microlepis,Antimora microlepis,accepted,Antimora microlepis,species,Teleostei,Gadiformes,Moridae,Antimora,TRUE,FALSE,FALSE,272460,497157
Lycodes diapterus,Lycodes diapterus,accepted,Lycodes diapterus,species,Teleostei,Perciformes,Zoarcidae,Lycodes,TRUE,FALSE,FALSE,254597,215426
Platichthys stellatus,Platichthys stellatus,accepted,Platichthys stellatus,species,Teleostei,Pleuronectiformes,Pleuronectidae,Platichthys,TRUE,TRUE,TRUE,154781,195632
Chitonotus pugetensis,Chitonotus pugetensis,accepted,Chitonotus pugetensis,species,Teleostei,Perciformes,Cottidae,Chitonotus,TRUE,FALSE,FALSE,280162,283635
Bathyagonus pentacanthus,Bathyagonus pentacanthus,accepted,Bathyagonus pentacanthus,species,Teleostei,Perciformes,Agonidae,Bathyagonus,TRUE,FALSE,FALSE,254506,433407
Stenobrachius leucopsarus,Stenobrachius leucopsarus,accepted,Stenobrachius leucopsarus,species,Teleostei,Myctophiformes,Myctophidae,Stenobrachius,TRUE,FALSE,FALSE,254363,91658
Salvelinus malma,Salvelinus malma,accepted,Salvelinus malma,species,Teleostei,Salmoniformes,Salmonidae,Salvelinus,TRUE,TRUE,TRUE,254570,8039
Icelinus filamentosus,Icelinus filamentosus,accepted,Icelinus filamentosus,species,Teleostei,Perciformes,Cottidae,Icelinus,TRUE,FALSE,FALSE,281136,274762
Poroclinus rothrocki,Poroclinus rothrocki,accepted,Poroclinus rothrocki,species,Teleostei,Perciformes,Lumpenidae,Poroclinus,TRUE,FALSE,FALSE,254385,557414
Sebastes aurora,Sebastes aurora,accepted,Sebastes aurora,species,Teleostei,Perciformes,Sebastidae,Sebastes,TRUE,FALSE,FALSE,274774,72058
Citharichthys stigmaeus,Citharichthys stigmaeus,accepted,Citharichthys stigmaeus,species,Teleostei,Pleuronectiformes,Paralichthyidae,Citharichthys,TRUE,FALSE,FALSE,275696,319775
Leptocottus armatus,Leptocottus armatus,accepted,Leptocottus armatus,species,Teleostei,Perciformes,Cottidae,Leptocottus,TRUE,TRUE,FALSE,254345,214925
Sebastes miniatus,Sebastes miniatus,accepted,Sebastes miniatus,species,Teleostei,Perciformes,Sebastidae,Sebastes,TRUE,FALSE,FALSE,274820,72087
Radulinus asprellus,Radulinus asprellus,accepted,Radulinus asprellus,species,Teleostei,Perciformes,Cottidae,Radulinus,TRUE,FALSE,FALSE,282541,274768
Tarletonbeania crenularis,Tarletonbeania crenularis,accepted,Tarletonbeania crenularis,species,Teleostei,Myctophiformes,Myctophidae,Tarletonbeania,TRUE,FALSE,FALSE,282927,91660
Ronquilus jordani,Ronquilus jordani,accepted,Ronquilus jordani,species,Teleostei,Perciformes,Bathymasteridae,Ronquilus,TRUE,FALSE,FALSE,282629,428030
Limanda aspera,Limanda aspera,accepted,Limanda aspera,species,Teleostei,Pleuronectiformes,Pleuronectidae,Limanda,TRUE,FALSE,FALSE,254562,195624
Bathyraja aleutica,Bathyraja aleutica,accepted,Bathyraja aleutica,species,Elasmobranchii,Rajiformes,Arhynchobatidae,Bathyraja,TRUE,FALSE,FALSE,271506,341243
Hemilepidotus hemilepidotus,Hemilepidotus hemilepidotus,accepted,Hemilepidotus hemilepidotus,species,Teleostei,Perciformes,Cottidae,Hemilepidotus,TRUE,FALSE,FALSE,254521,433390
Chauliodus macouni,Chauliodus macouni,accepted,Chauliodus macouni,species,Teleostei,Stomiiformes,Stomiidae,Chauliodus,TRUE,FALSE,FALSE,275055,302055
Cololabis saira,Cololabis saira,accepted,Cololabis saira,species,Teleostei,Beloniformes,Scomberesocidae,Cololabis,TRUE,FALSE,FALSE,280366,129043
Xeneretmus latifrons,Xeneretmus latifrons,accepted,Xeneretmus latifrons,species,Teleostei,Perciformes,Agonidae,Xeneretmus,TRUE,FALSE,FALSE,283171,274780
Sebastes variabilis,Sebastes variabilis,accepted,Sebastes variabilis,species,Teleostei,Perciformes,Sebastidae,Sebastes,TRUE,FALSE,FALSE,398442,394707
Bathyraja trachura,Bathyraja trachura,accepted,Bathyraja trachura,species,Elasmobranchii,Rajiformes,Arhynchobatidae,Bathyraja,TRUE,FALSE,FALSE,271538,341251
Lycodes palearis,Lycodes palearis,accepted,Lycodes palearis,species,Teleostei,Perciformes,Zoarcidae,Lycodes,TRUE,FALSE,FALSE,254585,215425
Sebastes emphaeus,Sebastes emphaeus,accepted,Sebastes emphaeus,species,Teleostei,Perciformes,Sebastidae,Sebastes,TRUE,FALSE,FALSE,274789,72071
Sebastes melanops,Sebastes melanops,accepted,Sebastes melanops,species,Teleostei,Perciformes,Sebastidae,Sebastes,TRUE,FALSE,FALSE,274817,72085
Bathyagonus nigripinnis,Bathyagonus nigripinnis,accepted,Bathyagonus nigripinnis,species,Teleostei,Perciformes,Agonidae,Bathyagonus,TRUE,FALSE,FALSE,254505,433409
Apristurus brunneus,Apristurus brunneus,accepted,Apristurus brunneus,species,Elasmobranchii,Carcharhiniformes,Pentanchidae,Apristurus,TRUE,FALSE,FALSE,158512,428037
Anarrhichthys ocellatus,Anarrhichthys ocellatus,accepted,Anarrhichthys ocellatus,species,Teleostei,Perciformes,Anarhichadidae,Anarrhichthys,TRUE,FALSE,FALSE,279605,433405
Diaphus theta,Diaphus theta,accepted,Diaphus theta,species,Teleostei,Myctophiformes,Myctophidae,Diaphus,TRUE,FALSE,FALSE,272694,91653
Cryptacanthodes aleutensis,Cryptacanthodes aleutensis,accepted,Cryptacanthodes aleutensis,species,Teleostei,Perciformes,Cryptacanthodidae,Cryptacanthodes,TRUE,FALSE,FALSE,276390,557343
Enophrys bison,Enophrys bison,accepted,Enophrys bison,species,Teleostei,Perciformes,Cottidae,Enophrys,TRUE,FALSE,FALSE,275355,320617
Scorpaenichthys marmoratus,Scorpaenichthys marmoratus,accepted,Scorpaenichthys marmoratus,species,Teleostei,Perciformes,Jordaniidae,Scorpaenichthys,TRUE,FALSE,FALSE,282726,NA
Paricelinus hopliticus,Paricelinus hopliticus,accepted,Paricelinus hopliticus,species,Teleostei,Perciformes,Jordaniidae,Paricelinus,TRUE,FALSE,FALSE,282147,NA
Prionace glauca,Prionace glauca,accepted,Prionace glauca,species,Elasmobranchii,Carcharhiniformes,Carcharhinidae,Prionace,TRUE,TRUE,FALSE,105801,7815
Dasycottus setiger,Dasycottus setiger,accepted,Dasycottus setiger,species,Teleostei,Perciformes,Psychrolutidae,Dasycottus,TRUE,FALSE,FALSE,280488,274783
Hemitripterus bolini,Hemitripterus bolini,accepted,Hemitripterus bolini,species,Teleostei,Perciformes,Hemitripteridae,Hemitripterus,TRUE,FALSE,FALSE,254541,470227
Sebastes saxicola,Sebastes saxicola,accepted,Sebastes saxicola,species,Teleostei,Perciformes,Sebastidae,Sebastes,TRUE,FALSE,FALSE,274848,72101
Icelinus tenuis,Icelinus tenuis,accepted,Icelinus tenuis,species,Teleostei,Perciformes,Cottidae,Icelinus,TRUE,FALSE,FALSE,281142,433394
Microstomus bathybius,Microstomus bathybius,accepted,Microstomus bathybius,species,Teleostei,Pleuronectiformes,Pleuronectidae,Microstomus,TRUE,FALSE,FALSE,305684,320376
Lumpenella longirostris,Lumpenella longirostris,accepted,Lumpenella longirostris,species,Teleostei,Perciformes,Lumpenidae,Lumpenella,TRUE,FALSE,FALSE,254351,557408
Psychrolutes paradoxus,Psychrolutes paradoxus,accepted,Psychrolutes paradoxus,species,Teleostei,Perciformes,Psychrolutidae,Psychrolutes,TRUE,FALSE,FALSE,254566,980342
Sardinops sagax,Sardinops sagax,accepted,Sardinops sagax,species,Teleostei,Clupeiformes,Alosidae,Sardinops,TRUE,FALSE,FALSE,217452,28381
Bathyagonus alascanus,Bathyagonus alascanus,accepted,Bathyagonus alascanus,species,Teleostei,Perciformes,Agonidae,Bathyagonus,TRUE,FALSE,FALSE,254503,433408
Xeneretmus leiops,Xeneretmus leiops,accepted,Xeneretmus leiops,species,Teleostei,Perciformes,Agonidae,Xeneretmus,TRUE,FALSE,FALSE,283172,299564
Zaprora silenus,Zaprora silenus,accepted,Zaprora silenus,species,Teleostei,Perciformes,Zaproridae,Zaprora,TRUE,FALSE,FALSE,254353,320590
Myoxocephalus polyacanthocephalus,Myoxocephalus polyacanthocephalus,accepted,Myoxocephalus polyacanthocephalus,species,Teleostei,Perciformes,Cottidae,Myoxocephalus,TRUE,FALSE,FALSE,254528,238839
Ammodytes hexapterus,Ammodytes hexapterus,accepted,Ammodytes hexapterus,species,Teleostei,Perciformes,Ammodytidae,Ammodytes,TRUE,TRUE,FALSE,254510,476914
Sebastes aleutianus,Sebastes aleutianus,accepted,Sebastes aleutianus,species,Teleostei,Perciformes,Sebastidae,Sebastes,TRUE,FALSE,FALSE,274771,214485
Salvelinus confluentus,Salvelinus confluentus,accepted,Salvelinus confluentus,species,Teleostei,Salmoniformes,Salmonidae,Salvelinus,FALSE,TRUE,TRUE,274352,8037
Entosphenus tridentatus,Entosphenus tridentatus,accepted,Entosphenus tridentatus,species,Petromyzonti,Petromyzontiformes,Petromyzontidae,Entosphenus,TRUE,TRUE,TRUE,314348,245074
Leuroglossus schmidti,Leuroglossus schmidti,accepted,Leuroglossus schmidti,species,Teleostei,Argentiniformes,Bathylagidae,Leuroglossus,TRUE,FALSE,FALSE,254551,557346
Bothrocara brunneum,Bothrocara brunneum,accepted,Bothrocara brunneum,species,Teleostei,Perciformes,Zoarcidae,Bothrocara,TRUE,FALSE,FALSE,279397,557338
Arctoraja parmifera,Arctoraja parmifera,accepted,Arctoraja parmifera,species,Elasmobranchii,Rajiformes,Rajidae,Arctoraja,TRUE,NA,NA,1577324,NA
Lycodapus mandibularis,Lycodapus mandibularis,accepted,Lycodapus mandibularis,species,Teleostei,Perciformes,Zoarcidae,Lycodapus,TRUE,FALSE,FALSE,279391,557350
Trichodon trichodon,Trichodon trichodon,accepted,Trichodon trichodon,species,Teleostei,Perciformes,Trichodontidae,Trichodon,TRUE,FALSE,FALSE,283043,209541
Leptoclinus maculatus,Leptoclinus maculatus,accepted,Leptoclinus maculatus,species,Teleostei,Perciformes,Lumpenidae,Leptoclinus,TRUE,FALSE,FALSE,127072,980417
Pholis laeta,Pholis laeta,accepted,Pholis laeta,species,Teleostei,Perciformes,Pholidae,Pholis,TRUE,FALSE,FALSE,273689,283367
Careproctus melanurus,Careproctus melanurus,accepted,Careproctus melanurus,species,Teleostei,Perciformes,Liparidae,Careproctus,TRUE,FALSE,FALSE,254549,274785
Gasterosteus aculeatus,Gasterosteus aculeatus,accepted,Gasterosteus aculeatus,species,Teleostei,Perciformes,Gasterosteidae,Gasterosteus,TRUE,TRUE,TRUE,126505,69293
Oligocottus maculosus,Oligocottus maculosus,accepted,Oligocottus maculosus,species,Teleostei,Perciformes,Cottidae,Oligocottus,TRUE,TRUE,FALSE,281872,328410
Triglops macellus,Triglops macellus,accepted,Triglops macellus,species,Teleostei,Perciformes,Cottidae,Triglops,TRUE,FALSE,FALSE,274399,433386
Tactostoma macropus,Tactostoma macropus,accepted,Tactostoma macropus,species,Teleostei,Stomiiformes,Stomiidae,Tactostoma,TRUE,FALSE,FALSE,282922,319451
Agonopsis vulsa,Agonopsis vulsa,accepted,Agonopsis vulsa,species,Teleostei,Perciformes,Agonidae,Agonopsis,TRUE,FALSE,FALSE,279522,428027
Spirinchus thaleichthys,Spirinchus thaleichthys,accepted,Spirinchus thaleichthys,species,Teleostei,Osmeriformes,Osmeridae,Spirinchus,TRUE,TRUE,TRUE,282844,260508
Squalus acanthias,Squalus acanthias,accepted,Squalus acanthias,species,Elasmobranchii,Squaliformes,Squalidae,Squalus,TRUE,TRUE,FALSE,105923,7797
Lampanyctus regalis,Lampanyctus regalis,accepted,Lampanyctus regalis,species,Teleostei,Myctophiformes,Myctophidae,Lampanyctus,TRUE,FALSE,FALSE,301545,91654
Hemilepidotus spinosus,Hemilepidotus spinosus,accepted,Hemilepidotus spinosus,species,Teleostei,Perciformes,Cottidae,Hemilepidotus,TRUE,FALSE,FALSE,279413,271501
Lepidopsetta polyxystra,Lepidopsetta polyxystra,accepted,Lepidopsetta polyxystra,species,Teleostei,Pleuronectiformes,Pleuronectidae,Lepidopsetta,TRUE,FALSE,FALSE,281307,433389
Triglops pingelii,Triglops pingelii,accepted,Triglops pingelii,species,Teleostei,Perciformes,Cottidae,Triglops,TRUE,FALSE,FALSE,127207,433391
Aulorhynchus flavidus,Aulorhynchus flavidus,accepted,Aulorhynchus flavidus,species,Teleostei,Perciformes,Aulorhynchidae,Aulorhynchus,TRUE,FALSE,FALSE,279839,240152
Poromitra crassiceps,Poromitra crassiceps,accepted,Poromitra crassiceps,species,Teleostei,Beryciformes,Melamphaidae,Poromitra,TRUE,FALSE,FALSE,127273,88708
Pleuronichthys coenosus,Pleuronichthys coenosus,accepted,Pleuronichthys coenosus,species,Teleostei,Pleuronectiformes,Pleuronectidae,Pleuronichthys,TRUE,FALSE,FALSE,282290,269452
Protomyctophum thompsoni,Protomyctophum thompsoni,accepted,Protomyctophum thompsoni,species,Teleostei,Myctophiformes,Myctophidae,Protomyctophum,TRUE,FALSE,FALSE,272732,123331
Anoplarchus purpurescens,Anoplarchus purpurescens,accepted,Anoplarchus purpurescens,species,Teleostei,Perciformes,Stichaeidae,Anoplarchus,TRUE,FALSE,FALSE,279633,320623
Psychrolutes sigalutes,Psychrolutes sigalutes,accepted,Psychrolutes sigalutes,species,Teleostei,Perciformes,Psychrolutidae,Psychrolutes,TRUE,FALSE,FALSE,274679,557364
Sebastes goodei,Sebastes goodei,accepted,Sebastes goodei,species,Teleostei,Perciformes,Sebastidae,Sebastes,TRUE,TRUE,FALSE,274798,72078
Bryozoichthys marjorius,Bryozoichthys marjorius,accepted,Bryozoichthys marjorius,species,Teleostei,Perciformes,Stichaeidae,Bryozoichthys,TRUE,FALSE,FALSE,254575,1311538
Nectoliparis pelagicus,Nectoliparis pelagicus,accepted,Nectoliparis pelagicus,species,Teleostei,Perciformes,Liparidae,Nectoliparis,TRUE,FALSE,FALSE,281641,446815
Icosteus aenigmaticus,Icosteus aenigmaticus,accepted,Icosteus aenigmaticus,species,Teleostei,Scombriformes,Icosteidae,Icosteus,TRUE,FALSE,FALSE,281153,215386
Eptatretus deani,Eptatretus deani,accepted,Eptatretus deani,species,Myxini,Myxiniformes,Myxinidae,Eptatretus,TRUE,FALSE,FALSE,279277,418109
Elassodiscus caudatus,Elassodiscus caudatus,accepted,Elassodiscus caudatus,species,Teleostei,Perciformes,Liparidae,Elassodiscus,TRUE,FALSE,FALSE,280629,446812
Icelinus borealis,Icelinus borealis,accepted,Icelinus borealis,species,Teleostei,Perciformes,Cottidae,Icelinus,TRUE,FALSE,FALSE,281133,433388
Stenobrachius nannochir,Stenobrachius nannochir,accepted,Stenobrachius nannochir,species,Teleostei,Myctophiformes,Myctophidae,Stenobrachius,TRUE,FALSE,FALSE,254364,123240
Coregonus clupeaformis,Coregonus clupeaformis,accepted,Coregonus clupeaformis,species,Teleostei,Salmoniformes,Salmonidae,Coregonus,FALSE,TRUE,TRUE,158726,59861
Hexagrammos stelleri,Hexagrammos stelleri,accepted,Hexagrammos stelleri,species,Teleostei,Perciformes,Hexagrammidae,Hexagrammos,TRUE,FALSE,FALSE,254545,192378
Nautichthys oculofasciatus,Nautichthys oculofasciatus,accepted,Nautichthys oculofasciatus,species,Teleostei,Perciformes,Hemitripteridae,Nautichthys,TRUE,FALSE,FALSE,254542,428032
Gobiesox maeandricus,Gobiesox maeandricus,accepted,Gobiesox maeandricus,species,Teleostei,Gobiesociformes,Gobiesocidae,Gobiesox,TRUE,FALSE,FALSE,275671,63828
Sebastes melanostictus,Sebastes melanostictus,accepted,Sebastes melanostictus,species,Teleostei,Perciformes,Sebastidae,Sebastes,TRUE,FALSE,FALSE,1015496,394695
Alosa sapidissima,Alosa sapidissima,accepted,Alosa sapidissima,species,Teleostei,Clupeiformes,Alosidae,Alosa,TRUE,TRUE,TRUE,158670,34773
Nansenia candida,Nansenia candida,accepted,Nansenia candida,species,Teleostei,Argentiniformes,Microstomatidae,Nansenia,TRUE,FALSE,FALSE,272926,557352
Apodichthys flavidus,Apodichthys flavidus,accepted,Apodichthys flavidus,species,Teleostei,Perciformes,Pholidae,Apodichthys,TRUE,FALSE,FALSE,279664,57779
Bathylagus pacificus,Bathylagus pacificus,accepted,Bathylagus pacificus,species,Teleostei,Argentiniformes,Bathylagidae,Bathylagus,TRUE,FALSE,FALSE,272919,557336
Scomber japonicus,Scomber japonicus,accepted,Scomber japonicus,species,Teleostei,Scombriformes,Scombridae,Scomber,TRUE,FALSE,FALSE,127022,13676
Syngnathus californiensis,Syngnathus californiensis,accepted,Syngnathus californiensis,species,Teleostei,Syngnathiformes,Syngnathidae,Syngnathus,TRUE,FALSE,FALSE,275218,320413
Blepsias cirrhosus,Blepsias cirrhosus,accepted,Blepsias cirrhosus,species,Teleostei,Perciformes,Hemitripteridae,Blepsias,TRUE,FALSE,FALSE,279417,573213
Pseudobathylagus milleri,Pseudobathylagus milleri,accepted,Pseudobathylagus milleri,species,Teleostei,Argentiniformes,Bathylagidae,Pseudobathylagus,TRUE,FALSE,FALSE,282406,301820
Bathyagonus infraspinatus,Bathyagonus infraspinatus,accepted,Bathyagonus infraspinatus,species,Teleostei,Perciformes,Agonidae,Bathyagonus,TRUE,FALSE,FALSE,254504,557335
Bathymaster signatus,Bathymaster signatus,accepted,Bathymaster signatus,species,Teleostei,Perciformes,Bathymasteridae,Bathymaster,TRUE,FALSE,FALSE,254513,274808
Benthalbella dentata,Benthalbella dentata,accepted,Benthalbella dentata,species,Teleostei,Aulopiformes,Scopelarchidae,Benthalbella,TRUE,FALSE,FALSE,254572,433385
Malacocottus aleuticus,Malacocottus aleuticus,accepted,Malacocottus aleuticus,species,Teleostei,Perciformes,Psychrolutidae,Malacocottus,TRUE,FALSE,FALSE,279440,NA
Artedius fenestralis,Artedius fenestralis,accepted,Artedius fenestralis,species,Teleostei,Perciformes,Cottidae,Artedius,TRUE,FALSE,FALSE,279700,274758
Liparis pulchellus,Liparis pulchellus,accepted,Liparis pulchellus,species,Teleostei,Perciformes,Liparidae,Liparis,TRUE,FALSE,FALSE,274533,433402
Artedius lateralis,Artedius lateralis,accepted,Artedius lateralis,species,Teleostei,Perciformes,Cottidae,Artedius,TRUE,FALSE,FALSE,279702,322683
Coregonus sardinella,Coregonus sardinella,accepted,Coregonus sardinella,species,Teleostei,Salmoniformes,Salmonidae,Coregonus,TRUE,TRUE,TRUE,127181,241494
Eumicrotremus orbis,Eumicrotremus orbis,accepted,Eumicrotremus orbis,species,Teleostei,Perciformes,Cyclopteridae,Eumicrotremus,TRUE,FALSE,FALSE,254535,433392
Cottus asper,Cottus asper,accepted,Cottus asper,species,Teleostei,Perciformes,Cottidae,Cottus,TRUE,TRUE,TRUE,274368,214916
Lycodapus fierasfer,Lycodapus fierasfer,accepted,Lycodapus fierasfer,species,Teleostei,Perciformes,Zoarcidae,Lycodapus,TRUE,FALSE,FALSE,279389,433411
Xiphister atropurpureus,Xiphister atropurpureus,accepted,Xiphister atropurpureus,species,Teleostei,Perciformes,Stichaeidae,Xiphister,TRUE,FALSE,FALSE,283194,283024
Prosopium cylindraceum,Prosopium cylindraceum,accepted,Prosopium cylindraceum,species,Teleostei,Salmoniformes,Salmonidae,Prosopium,FALSE,TRUE,TRUE,282373,348696
Coryphaenoides filifer,Coryphaenoides filifer,accepted,Coryphaenoides filifer,species,Teleostei,Gadiformes,Macrouridae,Coryphaenoides,TRUE,FALSE,FALSE,272331,216980
Sagamichthys abei,Sagamichthys abei,accepted,Sagamichthys abei,species,Teleostei,Alepocephaliformes,Platytroctidae,Sagamichthys,TRUE,FALSE,FALSE,234630,319782
Xeneretmus triacanthus,Xeneretmus triacanthus,accepted,Xeneretmus triacanthus,species,Teleostei,Perciformes,Agonidae,Xeneretmus,TRUE,FALSE,FALSE,283174,NA
Odontopyxis trispinosa,Odontopyxis trispinosa,accepted,Odontopyxis trispinosa,species,Teleostei,Perciformes,Agonidae,Odontopyxis,TRUE,FALSE,FALSE,281836,320620
Liparis callyodon,Liparis callyodon,accepted,Liparis callyodon,species,Teleostei,Perciformes,Liparidae,Liparis,TRUE,FALSE,FALSE,274505,980332
Icelinus burchami,Icelinus burchami,accepted,Icelinus burchami,species,Teleostei,Perciformes,Cottidae,Icelinus,TRUE,FALSE,FALSE,281134,305506
Careproctus gilberti,Careproctus gilberti,accepted,Careproctus gilberti,species,Teleostei,Perciformes,Liparidae,Careproctus,TRUE,FALSE,FALSE,367288,NA
Allosmerus elongatus,Allosmerus elongatus,accepted,Allosmerus elongatus,species,Teleostei,Osmeriformes,Osmeridae,Allosmerus,TRUE,FALSE,FALSE,279564,433393
Mallotus villosus,Mallotus villosus,accepted,Mallotus villosus,species,Teleostei,Osmeriformes,Osmeridae,Mallotus,TRUE,TRUE,TRUE,126735,30960
Lycenchelys crotalinus,Lycenchelys crotalinus,accepted,Lycenchelys crotalinus,species,Teleostei,Perciformes,Zoarcidae,Lycenchelys,TRUE,FALSE,FALSE,254592,320591
Catostomus catostomus,Catostomus catostomus,accepted,Catostomus catostomus,species,Teleostei,Cypriniformes,Catostomidae,Catostomus,FALSE,TRUE,TRUE,158706,43956
Cottus cognatus,Cottus cognatus,accepted,Cottus cognatus,species,Teleostei,Perciformes,Cottidae,Cottus,FALSE,TRUE,TRUE,159512,147210
Xiphister mucosus,Xiphister mucosus,accepted,Xiphister mucosus,species,Teleostei,Perciformes,Stichaeidae,Xiphister,TRUE,FALSE,FALSE,283195,283031
Arctozenus risso,Arctozenus risso,accepted,Arctozenus risso,species,Teleostei,Aulopiformes,Paralepididae,Arctozenus,TRUE,FALSE,FALSE,126352,473348
Clinocottus acuticeps,Clinocottus acuticeps,accepted,Clinocottus acuticeps,species,Teleostei,Perciformes,Cottidae,Clinocottus,TRUE,TRUE,TRUE,280218,459045
Liparis fucensis,Liparis fucensis,accepted,Liparis fucensis,species,Teleostei,Perciformes,Liparidae,Liparis,TRUE,FALSE,FALSE,274515,433401
Lestidiops ringens,Lestidiops ringens,accepted,Lestidiops ringens,species,Teleostei,Aulopiformes,Paralepididae,Lestidiops,TRUE,FALSE,FALSE,272096,319759
Cottus aleuticus,Cottus aleuticus,accepted,Cottus aleuticus,species,Teleostei,Perciformes,Cottidae,Cottus,TRUE,TRUE,TRUE,274366,214914
Galeorhinus galeus,Galeorhinus galeus,accepted,Galeorhinus galeus,species,Elasmobranchii,Carcharhiniformes,Triakidae,Galeorhinus,TRUE,FALSE,FALSE,105820,86063
Bathyraja abyssicola,Bathyraja abyssicola,accepted,Bathyraja abyssicola,species,Elasmobranchii,Rajiformes,Arhynchobatidae,Bathyraja,TRUE,FALSE,FALSE,271503,341242
Somniosus pacificus,Somniosus pacificus,accepted,Somniosus pacificus,species,Elasmobranchii,Squaliformes,Somniosidae,Somniosus,TRUE,FALSE,FALSE,271654,305516
Lampanyctus ritteri,Lampanyctus ritteri,accepted,Lampanyctus ritteri,species,Teleostei,Myctophiformes,Myctophidae,Lampanyctus,TRUE,FALSE,FALSE,301548,319541
Careproctus cypselurus,Careproctus cypselurus,accepted,Careproctus cypselurus,species,Teleostei,Perciformes,Liparidae,Careproctus,TRUE,FALSE,FALSE,274421,433400
Anoplagonus inermis,Anoplagonus inermis,accepted,Anoplagonus inermis,species,Teleostei,Perciformes,Agonidae,Anoplagonus,TRUE,FALSE,FALSE,279630,1154603
Ptilichthys goodei,Ptilichthys goodei,accepted,Ptilichthys goodei,species,Teleostei,Perciformes,Ptilichthyidae,Ptilichthys,TRUE,FALSE,FALSE,282508,641289
Chirolophis decoratus,Chirolophis decoratus,accepted,Chirolophis decoratus,species,Teleostei,Perciformes,Stichaeidae,Chirolophis,TRUE,FALSE,FALSE,254576,320615
Phytichthys chirus,Phytichthys chirus,accepted,Phytichthys chirus,species,Teleostei,Perciformes,Stichaeidae,Phytichthys,TRUE,FALSE,FALSE,282255,1738904
Sebastes diaconus,Sebastes diaconus,accepted,Sebastes diaconus,species,Teleostei,Perciformes,Sebastidae,Sebastes,TRUE,FALSE,FALSE,1384909,2603974
Sebastes melanostomus,Sebastes melanostomus,accepted,Sebastes melanostomus,species,Teleostei,Perciformes,Sebastidae,Sebastes,TRUE,FALSE,FALSE,274819,72086
Cryptacanthodes giganteus,Cryptacanthodes giganteus,accepted,Cryptacanthodes giganteus,species,Teleostei,Perciformes,Cryptacanthodidae,Cryptacanthodes,TRUE,FALSE,FALSE,276392,433379
Pallasina barbata,Pallasina barbata,accepted,Pallasina barbata,species,Teleostei,Perciformes,Agonidae,Pallasina,TRUE,FALSE,FALSE,254396,740932
Paraliparis dactylosus,Paraliparis dactylosus,accepted,Paraliparis dactylosus,species,Teleostei,Perciformes,Liparidae,Paraliparis,TRUE,FALSE,FALSE,274568,557357
Bathymaster caeruleofasciatus,Bathymaster caeruleofasciatus,accepted,Bathymaster caeruleofasciatus,species,Teleostei,Perciformes,Bathymasteridae,Bathymaster,TRUE,FALSE,FALSE,279415,1188226
Porichthys notatus,Porichthys notatus,accepted,Porichthys notatus,species,Teleostei,Batrachoidiformes,Batrachoididae,Porichthys,TRUE,FALSE,FALSE,275658,45384
Icelus spiniger,Icelus spiniger,accepted,Icelus spiniger,species,Teleostei,Perciformes,Cottidae,Icelus,TRUE,FALSE,FALSE,254525,557345
Liparis florae,Liparis florae,accepted,Liparis florae,species,Teleostei,Perciformes,Liparidae,Liparis,TRUE,FALSE,FALSE,274513,320618
Sebastes auriculatus,Sebastes auriculatus,accepted,Sebastes auriculatus,species,Teleostei,Perciformes,Sebastidae,Sebastes,TRUE,FALSE,FALSE,274773,72057
Caliraja stellulata,Caliraja stellulata,accepted,Caliraja stellulata,species,Elasmobranchii,Rajiformes,Rajidae,Caliraja,TRUE,FALSE,FALSE,1803740,NA
Coregonus nasus,Coregonus nasus,accepted,Coregonus nasus,species,Teleostei,Salmoniformes,Salmonidae,Coregonus,FALSE,TRUE,TRUE,274342,348707
Allocareproctus jordani,Allocareproctus jordani,accepted,Allocareproctus jordani,species,Teleostei,Perciformes,Liparidae,Allocareproctus,TRUE,FALSE,FALSE,279555,1696904
Lycodes beringi,Lycodes beringi,accepted,Lycodes beringi,species,Teleostei,Perciformes,Zoarcidae,Lycodes,TRUE,FALSE,FALSE,398582,215428
Reinhardtius hippoglossoides,Reinhardtius hippoglossoides,accepted,Reinhardtius hippoglossoides,species,Teleostei,Pleuronectiformes,Pleuronectidae,Reinhardtius,TRUE,FALSE,FALSE,127144,111784
Brachyistius frenatus,Brachyistius frenatus,accepted,Brachyistius frenatus,species,Teleostei,Ovalentaria incertae sedis,Embiotocidae,Brachyistius,TRUE,FALSE,FALSE,240721,100188
Chesnonia verrucosa,Chesnonia verrucosa,accepted,Chesnonia verrucosa,species,Teleostei,Perciformes,Agonidae,Chesnonia,TRUE,FALSE,FALSE,254507,740928
Psychrolutes phrictus,Psychrolutes phrictus,accepted,Psychrolutes phrictus,species,Teleostei,Perciformes,Psychrolutidae,Psychrolutes,TRUE,FALSE,FALSE,274678,320385
Lota lota,Lota lota,accepted,Lota lota,species,Teleostei,Gadiformes,Lotidae,Lota,FALSE,TRUE,TRUE,154388,69944
Sebastes ciliatus,Sebastes ciliatus,accepted,Sebastes ciliatus,species,Teleostei,Perciformes,Sebastidae,Sebastes,TRUE,FALSE,FALSE,274782,72065
Aristostomias scintillans,Aristostomias scintillans,accepted,Aristostomias scintillans,species,Teleostei,Stomiiformes,Stomiidae,Aristostomias,TRUE,FALSE,FALSE,275007,319440
Lycodapus endemoscotus,Lycodapus endemoscotus,accepted,Lycodapus endemoscotus,species,Teleostei,Perciformes,Zoarcidae,Lycodapus,TRUE,FALSE,FALSE,279388,557348
Ascelichthys rhodorus,Ascelichthys rhodorus,accepted,Ascelichthys rhodorus,species,Teleostei,Perciformes,Cottidae,Ascelichthys,TRUE,FALSE,FALSE,279706,1738886
Lycodapus pachysoma,Lycodapus pachysoma,accepted,Lycodapus pachysoma,species,Teleostei,Perciformes,Zoarcidae,Lycodapus,TRUE,FALSE,FALSE,234603,557351
Liparis dennyi,Liparis dennyi,accepted,Liparis dennyi,species,Teleostei,Perciformes,Liparidae,Liparis,TRUE,FALSE,FALSE,254550,433403
Oncorhynchus clarkii,Oncorhynchus clarkii,accepted,Oncorhynchus clarkii,species,Teleostei,Salmoniformes,Salmonidae,Oncorhynchus,TRUE,TRUE,TRUE,274347,30962
Rhamphocottus richardsonii,Rhamphocottus richardsonii,accepted,Rhamphocottus richardsonii,species,Teleostei,Perciformes,Rhamphocottidae,Rhamphocottus,TRUE,FALSE,FALSE,282578,283636
Lamna ditropis,Lamna ditropis,accepted,Lamna ditropis,species,Elasmobranchii,Lamniformes,Lamnidae,Lamna,TRUE,FALSE,FALSE,271421,38578
Paraliparis pectoralis,Paraliparis pectoralis,accepted,Paraliparis pectoralis,species,Teleostei,Perciformes,Liparidae,Paraliparis,TRUE,FALSE,FALSE,274604,557360
Embiotoca lateralis,Embiotoca lateralis,accepted,Embiotoca lateralis,species,Teleostei,Ovalentaria incertae sedis,Embiotocidae,Embiotoca,TRUE,FALSE,FALSE,240740,229144
Paraliparis deani,Paraliparis deani,accepted,Paraliparis deani,species,Teleostei,Perciformes,Liparidae,Paraliparis,TRUE,FALSE,FALSE,274570,NA
Eptatretus stoutii,Eptatretus stoutii,accepted,Eptatretus stoutii,species,Myxini,Myxiniformes,Myxinidae,Eptatretus,TRUE,FALSE,FALSE,279298,7765
Artedius harringtoni,Artedius harringtoni,accepted,Artedius harringtoni,species,Teleostei,Perciformes,Cottidae,Artedius,TRUE,FALSE,FALSE,279701,433399
Hypomesus pretiosus,Hypomesus pretiosus,accepted,Hypomesus pretiosus,species,Teleostei,Osmeriformes,Osmeridae,Hypomesus,TRUE,TRUE,FALSE,279422,300346
Scomber colias,Scomber colias,accepted,Scomber colias,species,Teleostei,Scombriformes,Scombridae,Scomber,TRUE,TRUE,FALSE,151174,338315
Ruscarius meanyi,Ruscarius meanyi,accepted,Ruscarius meanyi,species,Teleostei,Perciformes,Cottidae,Ruscarius,TRUE,FALSE,FALSE,282637,459053
Avocettina infans,Avocettina infans,accepted,Avocettina infans,species,Teleostei,Anguilliformes,Nemichthyidae,Avocettina,TRUE,FALSE,FALSE,126304,121280
Nemichthys scolopaceus,Nemichthys scolopaceus,accepted,Nemichthys scolopaceus,species,Teleostei,Anguilliformes,Nemichthyidae,Nemichthys,TRUE,FALSE,FALSE,126306,118170
Bathophilus flemingi,Bathophilus flemingi,accepted,Bathophilus flemingi,species,Teleostei,Stomiiformes,Stomiidae,Bathophilus,TRUE,FALSE,FALSE,275046,319449
Cyclothone microdon,Cyclothone microdon,accepted,Cyclothone microdon,species,Teleostei,Stomiiformes,Gonostomatidae,Cyclothone,TRUE,FALSE,FALSE,127286,48447
Bathyraja minispinosa,Bathyraja minispinosa,accepted,Bathyraja minispinosa,species,Elasmobranchii,Rajiformes,Arhynchobatidae,Bathyraja,TRUE,FALSE,FALSE,271524,341248
Atheresthes evermanni,Atheresthes evermanni,accepted,Atheresthes evermanni,species,Teleostei,Pleuronectiformes,Pleuronectidae,Atheresthes,TRUE,FALSE,FALSE,279791,195645
Clinocottus embryum,Clinocottus embryum,accepted,Clinocottus embryum,species,Teleostei,Perciformes,Cottidae,Clinocottus,TRUE,FALSE,FALSE,280220,459046
Bothrocara molle,Bothrocara molle,accepted,Bothrocara molle,species,Teleostei,Perciformes,Zoarcidae,Bothrocara,TRUE,FALSE,FALSE,234593,390675
Careproctus colletti,Careproctus colletti,accepted,Careproctus colletti,species,Teleostei,Perciformes,Liparidae,Careproctus,TRUE,FALSE,FALSE,254547,796014
Talismania bifurcata,Talismania bifurcata,accepted,Talismania bifurcata,species,Teleostei,Alepocephaliformes,Alepocephalidae,Talismania,TRUE,FALSE,FALSE,272884,492049
Paraliparis paucidens,Paraliparis paucidens,accepted,Paraliparis paucidens,species,Teleostei,Perciformes,Liparidae,Paraliparis,TRUE,FALSE,FALSE,274603,557359
Melamphaes lugubris,Melamphaes lugubris,accepted,Melamphaes lugubris,species,Teleostei,Beryciformes,Melamphaidae,Melamphaes,TRUE,FALSE,FALSE,274932,319444
Oligocottus snyderi,Oligocottus snyderi,accepted,Oligocottus snyderi,species,Teleostei,Perciformes,Cottidae,Oligocottus,TRUE,FALSE,FALSE,281875,459052
Enophrys lucasi,Enophrys lucasi,accepted,Enophrys lucasi,species,Teleostei,Perciformes,Cottidae,Enophrys,TRUE,FALSE,FALSE,254518,980327
Trachurus symmetricus,Trachurus symmetricus,accepted,Trachurus symmetricus,species,Teleostei,Carangiformes,Carangidae,Trachurus,TRUE,FALSE,FALSE,273305,271940
Tarletonbeania taylori,Tarletonbeania taylori,accepted,Tarletonbeania taylori,species,Teleostei,Myctophiformes,Myctophidae,Tarletonbeania,TRUE,FALSE,FALSE,282928,123347
Occidentis ayresii,Occidentis ayresii,accepted,Occidentis ayresii,species,Petromyzonti,Petromyzontiformes,Petromyzontidae,Occidentis,TRUE,TRUE,TRUE,1804785,NA
Hemilepidotus jordani,Hemilepidotus jordani,accepted,Hemilepidotus jordani,species,Teleostei,Perciformes,Cottidae,Hemilepidotus,TRUE,FALSE,FALSE,254522,274759
Bathyraja lindbergi,Bathyraja lindbergi,accepted,Bathyraja lindbergi,species,Elasmobranchii,Rajiformes,Arhynchobatidae,Bathyraja,TRUE,FALSE,FALSE,271517,341245
Anotopterus nikparini,Anotopterus nikparini,accepted,Anotopterus nikparini,species,Teleostei,Aulopiformes,Anotopteridae,Anotopterus,TRUE,FALSE,FALSE,272040,557333
Lipolagus ochotensis,Lipolagus ochotensis,accepted,Lipolagus ochotensis,species,Teleostei,Argentiniformes,Bathylagidae,Lipolagus,TRUE,FALSE,FALSE,281374,170193
Macropinna microstoma,Macropinna microstoma,accepted,Macropinna microstoma,species,Teleostei,Argentiniformes,Opisthoproctidae,Macropinna,TRUE,FALSE,FALSE,281482,557410
Scopelosaurus adleri,Scopelosaurus adleri,accepted,Scopelosaurus adleri,species,Teleostei,Aulopiformes,Notosudidae,Scopelosaurus,TRUE,FALSE,FALSE,254552,NA
Lycenchelys jordani,Lycenchelys jordani,accepted,Lycenchelys jordani,species,Teleostei,Perciformes,Zoarcidae,Lycenchelys,TRUE,FALSE,FALSE,274067,557347
Paraliparis cephalus,Paraliparis cephalus,accepted,Paraliparis cephalus,species,Teleostei,Perciformes,Liparidae,Paraliparis,TRUE,FALSE,FALSE,274562,1154600
Rhinogobiops nicholsii,Rhinogobiops nicholsii,accepted,Rhinogobiops nicholsii,species,Teleostei,Gobiiformes,Gobiidae,Rhinogobiops,TRUE,FALSE,FALSE,282580,151723
Carcharodon carcharias,Carcharodon carcharias,accepted,Carcharodon carcharias,species,Elasmobranchii,Lamniformes,Lamnidae,Carcharodon,TRUE,TRUE,FALSE,105838,13397
Careproctus scottae,Careproctus scottae,accepted,Careproctus scottae,species,Teleostei,Perciformes,Liparidae,Careproctus,TRUE,FALSE,FALSE,274470,1837949
Clinocottus globiceps,Clinocottus globiceps,accepted,Clinocottus globiceps,species,Teleostei,Perciformes,Cottidae,Clinocottus,TRUE,FALSE,FALSE,280221,459047
Phanerodon vacca,Phanerodon vacca,accepted,Phanerodon vacca,species,Teleostei,Ovalentaria incertae sedis,Embiotocidae,Phanerodon,TRUE,FALSE,FALSE,1577347,2838341
Oneirodes bulbosus,Oneirodes bulbosus,accepted,Oneirodes bulbosus,species,Teleostei,Lophiiformes,Oneirodidae,Oneirodes,TRUE,FALSE,FALSE,254553,1154599
Scopelosaurus harryi,Scopelosaurus harryi,accepted,Scopelosaurus harryi,species,Teleostei,Aulopiformes,Notosudidae,Scopelosaurus,TRUE,FALSE,FALSE,272082,319750
Triglops jordani,Triglops jordani,accepted,Triglops jordani,species,Teleostei,Perciformes,Cottidae,Triglops,TRUE,FALSE,FALSE,274398,NA
Asemichthys taylori,Asemichthys taylori,accepted,Asemichthys taylori,species,Teleostei,Perciformes,Cottidae,Asemichthys,TRUE,FALSE,FALSE,316433,1638735
Oneirodes thompsoni,Oneirodes thompsoni,accepted,Oneirodes thompsoni,species,Teleostei,Lophiiformes,Oneirodidae,Oneirodes,TRUE,FALSE,FALSE,254554,412658
Chirolophis nugator,Chirolophis nugator,accepted,Chirolophis nugator,species,Teleostei,Perciformes,Stichaeidae,Chirolophis,TRUE,FALSE,FALSE,254577,433395
Symbolophorus californiensis,Symbolophorus californiensis,accepted,Symbolophorus californiensis,species,Teleostei,Myctophiformes,Myctophidae,Symbolophorus,TRUE,FALSE,FALSE,272733,123339
Alepocephalus tenebrosus,Alepocephalus tenebrosus,accepted,Alepocephalus tenebrosus,species,Teleostei,Alepocephaliformes,Alepocephalidae,Alepocephalus,TRUE,FALSE,FALSE,272849,170189
Sebastes rubrivinctus,Sebastes rubrivinctus,accepted,Sebastes rubrivinctus,species,Teleostei,Perciformes,Sebastidae,Sebastes,TRUE,FALSE,FALSE,274845,72099
Liparis cyclopus,Liparis cyclopus,accepted,Liparis cyclopus,species,Teleostei,Perciformes,Liparidae,Liparis,TRUE,FALSE,FALSE,274509,1772089
Sebastes mystinus,Sebastes mystinus,accepted,Sebastes mystinus,species,Teleostei,Perciformes,Sebastidae,Sebastes,TRUE,FALSE,FALSE,274823,72088
Liparis mucosus,Liparis mucosus,accepted,Liparis mucosus,species,Teleostei,Perciformes,Liparidae,Liparis,TRUE,FALSE,FALSE,274527,274786
Icichthys lockingtoni,Icichthys lockingtoni,accepted,Icichthys lockingtoni,species,Teleostei,Scombriformes,Centrolophidae,Icichthys,TRUE,FALSE,FALSE,279354,302051
Rimicola muscarum,Rimicola muscarum,accepted,Rimicola muscarum,species,Teleostei,Gobiesociformes,Gobiesocidae,Rimicola,TRUE,FALSE,FALSE,282617,557417
Scopelengys tristis,Scopelengys tristis,accepted,Scopelengys tristis,species,Teleostei,Myctophiformes,Neoscopelidae,Scopelengys,TRUE,FALSE,FALSE,126636,123230
Protomyctophum arcticum,Protomyctophum arcticum,accepted,Protomyctophum arcticum,species,Teleostei,Myctophiformes,Myctophidae,Protomyctophum,TRUE,FALSE,FALSE,158917,473330
Scytalina cerdale,Scytalina cerdale,accepted,Scytalina cerdale,species,Teleostei,Perciformes,Scytalinidae,Scytalina,TRUE,FALSE,FALSE,254370,2893505
Blepsias bilobus,Blepsias bilobus,accepted,Blepsias bilobus,species,Teleostei,Perciformes,Hemitripteridae,Blepsias,TRUE,FALSE,FALSE,254540,980325
Pachycara gymninium,Pachycara gymninium,accepted,Pachycara gymninium,species,Teleostei,Perciformes,Zoarcidae,Pachycara,TRUE,FALSE,FALSE,274140,557355
Lycodapus dermatinus,Lycodapus dermatinus,accepted,Lycodapus dermatinus,species,Teleostei,Perciformes,Zoarcidae,Lycodapus,TRUE,FALSE,FALSE,279387,NA
Zesticelus profundorum,Zesticelus profundorum,accepted,Zesticelus profundorum,species,Teleostei,Perciformes,Cottidae,Zesticelus,TRUE,FALSE,FALSE,283218,740938
Aptocyclus ventricosus,Aptocyclus ventricosus,accepted,Aptocyclus ventricosus,species,Teleostei,Perciformes,Cyclopteridae,Aptocyclus,TRUE,FALSE,FALSE,254299,181459
Gymnocanthus galeatus,Gymnocanthus galeatus,accepted,Gymnocanthus galeatus,species,Teleostei,Perciformes,Cottidae,Gymnocanthus,TRUE,FALSE,FALSE,254514,980328
Careproctus canus,Careproctus canus,accepted,Careproctus canus,species,Teleostei,Perciformes,Liparidae,Careproctus,TRUE,FALSE,FALSE,274416,557341
Mylocheilus caurinus,Mylocheilus caurinus,accepted,Mylocheilus caurinus,species,Teleostei,Cypriniformes,Cyprinidae,Mylocheilus,FALSE,TRUE,TRUE,281605,86918
Clupea harengus,Clupea harengus,accepted,Clupea harengus,species,Teleostei,Clupeiformes,Clupeidae,Clupea,TRUE,TRUE,FALSE,126417,7950
Anisarchus medius,Anisarchus medius,accepted,Anisarchus medius,species,Teleostei,Perciformes,Lumpenidae,Anisarchus,TRUE,FALSE,FALSE,127070,980385
Myoxocephalus scorpius,Myoxocephalus scorpius,accepted,Myoxocephalus scorpius,species,Teleostei,Perciformes,Cottidae,Myoxocephalus,TRUE,TRUE,FALSE,127203,8097
Esox lucius,Esox lucius,accepted,Esox lucius,species,Teleostei,Esociformes,Esocidae,Esox,FALSE,TRUE,TRUE,154210,8010
Stichaeus punctatus,Stichaeus punctatus,accepted,Stichaeus punctatus,species,Teleostei,Perciformes,Stichaeidae,Stichaeus,TRUE,FALSE,FALSE,159819,980344
Oxylebius pictus,Oxylebius pictus,accepted,Oxylebius pictus,species,Teleostei,Perciformes,Hexagrammidae,Oxylebius,TRUE,FALSE,FALSE,240743,283620
Nemichthys larseni,Nemichthys larseni,accepted,Nemichthys larseni,species,Teleostei,Anguilliformes,Nemichthyidae,Nemichthys,TRUE,FALSE,FALSE,271905,557354
Pholis schultzi,Pholis schultzi,accepted,Pholis schultzi,species,Teleostei,Perciformes,Pholidae,Pholis,TRUE,FALSE,FALSE,273693,NA
Careproctus spectrum,Careproctus spectrum,accepted,Careproctus spectrum,species,Teleostei,Perciformes,Liparidae,Careproctus,TRUE,FALSE,FALSE,274477,NA
Liparis rutteri,Liparis rutteri,accepted,Liparis rutteri,species,Teleostei,Perciformes,Liparidae,Liparis,TRUE,FALSE,FALSE,274538,572250
Acantholiparis opercularis,Acantholiparis opercularis,accepted,Acantholiparis opercularis,species,Teleostei,Perciformes,Liparidae,Acantholiparis,TRUE,FALSE,FALSE,279480,557403
Derepodichthys alepidotus,Derepodichthys alepidotus,accepted,Derepodichthys alepidotus,species,Teleostei,Perciformes,Zoarcidae,Derepodichthys,TRUE,FALSE,FALSE,280501,2587260
Synchirus gilli,Synchirus gilli,accepted,Synchirus gilli,species,Teleostei,Perciformes,Cottidae,Synchirus,TRUE,FALSE,FALSE,282921,740936
Leuroglossus stilbius,Leuroglossus stilbius,accepted,Leuroglossus stilbius,species,Teleostei,Argentiniformes,Bathylagidae,Leuroglossus,TRUE,FALSE,FALSE,313514,301819
Stenodus leucichthys,Stenodus leucichthys,accepted,Stenodus leucichthys,species,Teleostei,Salmoniformes,Salmonidae,Stenodus,TRUE,TRUE,TRUE,127189,59296
Catostomus commersonii,Catostomus commersonii,accepted,Catostomus commersonii,species,Teleostei,Cypriniformes,Catostomidae,Catostomus,FALSE,TRUE,TRUE,158707,7971
Coryphaenoides armatus,Coryphaenoides armatus,accepted,Coryphaenoides armatus,species,Teleostei,Gadiformes,Macrouridae,Coryphaenoides,TRUE,FALSE,FALSE,158952,76798
Gyrinomimus grahami,Gyrinomimus grahami,accepted,Gyrinomimus grahami,species,Teleostei,Beryciformes,Cetomimidae,Gyrinomimus,TRUE,FALSE,FALSE,221398,114860
Careproctus georgianus,Careproctus georgianus,accepted,Careproctus georgianus,species,Teleostei,Perciformes,Liparidae,Careproctus,TRUE,FALSE,FALSE,234643,487674
Hypsagonus quadricornis,Hypsagonus quadricornis,accepted,Hypsagonus quadricornis,species,Teleostei,Perciformes,Agonidae,Hypsagonus,TRUE,FALSE,FALSE,254508,274775
Hexagrammos octogrammus,Hexagrammos octogrammus,accepted,Hexagrammos octogrammus,species,Teleostei,Perciformes,Hexagrammidae,Hexagrammos,TRUE,FALSE,FALSE,254544,192375
Careproctus furcellus,Careproctus furcellus,accepted,Careproctus furcellus,species,Teleostei,Perciformes,Liparidae,Careproctus,TRUE,FALSE,FALSE,254548,557342
Serrivomer jesperseni,Serrivomer jesperseni,accepted,Serrivomer jesperseni,species,Teleostei,Anguilliformes,Serrivomeridae,Serrivomer,TRUE,FALSE,FALSE,272002,557366
Pachycara lepinium,Pachycara lepinium,accepted,Pachycara lepinium,species,Teleostei,Perciformes,Zoarcidae,Pachycara,TRUE,FALSE,FALSE,274141,557356
Careproctus attenuatus,Careproctus attenuatus,accepted,Careproctus attenuatus,species,Teleostei,Perciformes,Liparidae,Careproctus,TRUE,FALSE,FALSE,274410,557340
Paraliparis rosaceus,Paraliparis rosaceus,accepted,Paraliparis rosaceus,species,Teleostei,Perciformes,Liparidae,Paraliparis,TRUE,FALSE,FALSE,274608,557361
Kathetostoma averruncus,Kathetostoma averruncus,accepted,Kathetostoma averruncus,species,Teleostei,Perciformes,Uranoscopidae,Kathetostoma,TRUE,FALSE,FALSE,275989,348051
Bothragonus swanii,Bothragonus swanii,accepted,Bothragonus swanii,species,Teleostei,Perciformes,Agonidae,Bothragonus,TRUE,FALSE,FALSE,279947,1154617
Halargyreus johnsonii,Halargyreus johnsonii,accepted,Halargyreus johnsonii,species,Teleostei,Gadiformes,Moridae,Halargyreus,TRUE,FALSE,FALSE,126489,319453
Notacanthus chemnitzii,Notacanthus chemnitzii,accepted,Notacanthus chemnitzii,species,Teleostei,Notacanthiformes,Notacanthidae,Notacanthus,TRUE,FALSE,FALSE,126643,143895
Spectrunculus grandis,Spectrunculus grandis,accepted,Spectrunculus grandis,species,Teleostei,Ophidiiformes,Ophidiidae,Spectrunculus,TRUE,FALSE,FALSE,126678,557426
Cyema atrum,Cyema atrum,accepted,Cyema atrum,species,Teleostei,Anguilliformes,Cyematidae,Cyema,TRUE,FALSE,FALSE,127164,556252
Mola mola,Mola mola,accepted,Mola mola,species,Teleostei,Tetraodontiformes,Molidae,Mola,TRUE,FALSE,FALSE,127405,94237
Engraulis mordax,Engraulis mordax,accepted,Engraulis mordax,species,Teleostei,Clupeiformes,Engraulidae,Engraulis,TRUE,FALSE,FALSE,272286,239368
Lampanyctus jordani,Lampanyctus jordani,accepted,Lampanyctus jordani,species,Teleostei,Myctophiformes,Myctophidae,Lampanyctus,TRUE,FALSE,FALSE,272712,517134
Pholis clemensi,Pholis clemensi,accepted,Pholis clemensi,species,Teleostei,Perciformes,Pholidae,Pholis,TRUE,FALSE,FALSE,273686,740703
Bothrocara pusillum,Bothrocara pusillum,accepted,Bothrocara pusillum,species,Teleostei,Perciformes,Zoarcidae,Bothrocara,TRUE,FALSE,FALSE,279400,2048771
Rhinoliparis attenuatus,Rhinoliparis attenuatus,accepted,Rhinoliparis attenuatus,species,Teleostei,Perciformes,Liparidae,Rhinoliparis,TRUE,FALSE,FALSE,282584,557365
Lethenteron camtschaticum,Lethenteron camtschaticum,accepted,Lethenteron camtschaticum,species,Petromyzonti,Petromyzontiformes,Petromyzontidae,Lethenteron,TRUE,TRUE,TRUE,101173,980415
Hexanchus griseus,Hexanchus griseus,accepted,Hexanchus griseus,species,Elasmobranchii,Hexanchiformes,Hexanchidae,Hexanchus,TRUE,FALSE,FALSE,105833,94987
Simenchelys parasitica,Simenchelys parasitica,accepted,Simenchelys parasitica,species,Teleostei,Anguilliformes,Synaphobranchidae,Simenchelys,TRUE,FALSE,FALSE,126327,189493
Chaenophryne draco,Chaenophryne draco,accepted,Chaenophryne draco,species,Teleostei,Lophiiformes,Oneirodidae,Chaenophryne,TRUE,FALSE,FALSE,126559,443685
Acanthonus armatus,Acanthonus armatus,accepted,Acanthonus armatus,species,Teleostei,Ophidiiformes,Acanthonidae,Acanthonus,TRUE,FALSE,FALSE,158998,1843782
Lycenchelys paxillus,Lycenchelys paxillus,accepted,Lycenchelys paxillus,species,Teleostei,Perciformes,Zoarcidae,Lycenchelys,TRUE,FALSE,FALSE,159257,1266876
Liparis gibbus,Liparis gibbus,accepted,Liparis gibbus,species,Teleostei,Perciformes,Liparidae,Liparis,TRUE,FALSE,FALSE,159526,255718
Kali indica,Kali indica,accepted,Kali indica,species,Teleostei,Scombriformes,Chiasmodontidae,Kali,TRUE,FALSE,FALSE,159666,473314
Triglops scepticus,Triglops scepticus,accepted,Triglops scepticus,species,Teleostei,Perciformes,Cottidae,Triglops,TRUE,FALSE,FALSE,254531,274770
Coryphaenoides liocephalus,Coryphaenoides liocephalus,accepted,Coryphaenoides liocephalus,species,Teleostei,Gadiformes,Macrouridae,Coryphaenoides,TRUE,FALSE,FALSE,272334,NA
Lycenchelys micropora,Lycenchelys micropora,accepted,Lycenchelys micropora,species,Teleostei,Perciformes,Zoarcidae,Lycenchelys,TRUE,FALSE,FALSE,274073,NA
Melanostigma pammelas,Melanostigma pammelas,accepted,Melanostigma pammelas,species,Teleostei,Perciformes,Zoarcidae,Melanostigma,TRUE,FALSE,FALSE,274134,557412
Lipariscus nanus,Lipariscus nanus,accepted,Lipariscus nanus,species,Teleostei,Perciformes,Liparidae,Lipariscus,TRUE,FALSE,FALSE,281365,557405
Lumpenopsis hypochroma,Lumpenopsis hypochroma,accepted,Lumpenopsis hypochroma,species,Teleostei,Perciformes,Stichaeidae,Lumpenopsis,TRUE,FALSE,FALSE,281437,NA
Radulinus boleoides,Radulinus boleoides,accepted,Radulinus boleoides,species,Teleostei,Perciformes,Cottidae,Radulinus,TRUE,FALSE,FALSE,282542,980343
Jordania zonope,Jordania zonope,accepted,Jordania zonope,species,Teleostei,Perciformes,Jordaniidae,Jordania,TRUE,FALSE,FALSE,398459,274764
Ginglymostoma cirratum,Ginglymostoma cirratum,accepted,Ginglymostoma cirratum,species,Elasmobranchii,Orectolobiformes,Ginglymostomatidae,Ginglymostoma,TRUE,TRUE,FALSE,105846,7801
Amblyraja hyperborea,Amblyraja hyperborea,accepted,Amblyraja hyperborea,species,Elasmobranchii,Rajiformes,Rajidae,Amblyraja,TRUE,FALSE,FALSE,105863,315322
Caristius macropus,Caristius macropus,accepted,Caristius macropus,species,Teleostei,Scombriformes,Caristiidae,Caristius,TRUE,FALSE,FALSE,126824,740692
Eumicrotremus spinosus,Eumicrotremus spinosus,accepted,Eumicrotremus spinosus,species,Teleostei,Perciformes,Cyclopteridae,Eumicrotremus,TRUE,FALSE,FALSE,127217,430040
Cyclothone acclinidens,Cyclothone acclinidens,accepted,Cyclothone acclinidens,species,Teleostei,Stomiiformes,Gonostomatidae,Cyclothone,TRUE,FALSE,FALSE,127282,48441
Rhadinesthes decimus,Rhadinesthes decimus,accepted,Rhadinesthes decimus,species,Teleostei,Stomiiformes,Stomiidae,Rhadinesthes,TRUE,FALSE,FALSE,127373,882883
Synaphobranchus affinis,Synaphobranchus affinis,accepted,Synaphobranchus affinis,species,Teleostei,Anguilliformes,Synaphobranchidae,Synaphobranchus,TRUE,FALSE,FALSE,158665,189923
Parasudis truculenta,Parasudis truculenta,accepted,Parasudis truculenta,species,Teleostei,Aulopiformes,Chlorophthalmidae,Parasudis,TRUE,FALSE,FALSE,158868,509779
Osmerus dentex,Osmerus dentex,accepted,Osmerus dentex,species,Teleostei,Osmeriformes,Osmeridae,Osmerus,TRUE,TRUE,TRUE,254557,476919
Lycenchelys camchatica,Lycenchelys camchatica,accepted,Lycenchelys camchatica,species,Teleostei,Perciformes,Zoarcidae,Lycenchelys,TRUE,FALSE,FALSE,254591,740700
Liparis greeni,Liparis greeni,accepted,Liparis greeni,species,Teleostei,Perciformes,Liparidae,Liparis,TRUE,FALSE,FALSE,274517,1562383
Paraliparis melanobranchus,Paraliparis melanobranchus,accepted,Paraliparis melanobranchus,species,Teleostei,Perciformes,Liparidae,Paraliparis,TRUE,FALSE,FALSE,274596,557358
Sebastes chlorostictus,Sebastes chlorostictus,accepted,Sebastes chlorostictus,species,Teleostei,Perciformes,Sebastidae,Sebastes,TRUE,FALSE,FALSE,274781,72064
Cyclothone atraria,Cyclothone atraria,accepted,Cyclothone atraria,species,Teleostei,Stomiiformes,Gonostomatidae,Cyclothone,TRUE,FALSE,FALSE,274943,48443
Lycodapus leptus,Lycodapus leptus,accepted,Lycodapus leptus,species,Teleostei,Perciformes,Zoarcidae,Lycodapus,TRUE,FALSE,FALSE,279390,557349
Anoplarchus insignis,Anoplarchus insignis,accepted,Anoplarchus insignis,species,Teleostei,Perciformes,Stichaeidae,Anoplarchus,TRUE,FALSE,FALSE,279632,1225888
Lepidogobius lepidus,Lepidogobius lepidus,accepted,Lepidogobius lepidus,species,Teleostei,Gobiiformes,Gobiidae,Lepidogobius,TRUE,FALSE,FALSE,281292,185746
Oligocottus rimensis,Oligocottus rimensis,accepted,Oligocottus rimensis,species,Teleostei,Perciformes,Cottidae,Oligocottus,TRUE,FALSE,FALSE,281873,459050
Pleurogrammus monopterygius,Pleurogrammus monopterygius,accepted,Pleurogrammus monopterygius,species,Teleostei,Perciformes,Hexagrammidae,Pleurogrammus,TRUE,FALSE,FALSE,282289,192379
Rhinoliparis barbulifer,Rhinoliparis barbulifer,accepted,Rhinoliparis barbulifer,species,Teleostei,Perciformes,Liparidae,Rhinoliparis,TRUE,FALSE,FALSE,282585,446837
Spirinchus starksi,Spirinchus starksi,accepted,Spirinchus starksi,species,Teleostei,Osmeriformes,Osmeridae,Spirinchus,TRUE,FALSE,FALSE,282843,443727
Magnisudis atlantica,Magnisudis atlantica,accepted,Magnisudis atlantica,species,Teleostei,Aulopiformes,Paralepididae,Magnisudis,TRUE,FALSE,FALSE,126359,319769
Osmerus mordax,Osmerus mordax,accepted,Osmerus mordax,species,Teleostei,Osmeriformes,Osmeridae,Osmerus,TRUE,TRUE,TRUE,126737,8014
Coregonus autumnalis,Coregonus autumnalis,accepted,Coregonus autumnalis,species,Teleostei,Salmoniformes,Salmonidae,Coregonus,TRUE,TRUE,TRUE,127179,27773
Salvelinus alpinus,Salvelinus alpinus,accepted,Salvelinus alpinus,species,Teleostei,Salmoniformes,Salmonidae,Salvelinus,TRUE,TRUE,TRUE,127188,8036
Argyropelecus sladeni,Argyropelecus sladeni,accepted,Argyropelecus sladeni,species,Teleostei,Stomiiformes,Sternoptychidae,Argyropelecus,TRUE,FALSE,FALSE,158837,81870
Phanerodon furcatus,Phanerodon furcatus,accepted,Phanerodon furcatus,species,Teleostei,Ovalentaria incertae sedis,Embiotocidae,Phanerodon,TRUE,FALSE,FALSE,240730,100200
Hexagrammos lagocephalus,Hexagrammos lagocephalus,accepted,Hexagrammos lagocephalus,species,Teleostei,Perciformes,Hexagrammidae,Hexagrammos,TRUE,FALSE,FALSE,240735,192377
Stellerina xyosterna,Stellerina xyosterna,accepted,Stellerina xyosterna,species,Teleostei,Perciformes,Agonidae,Stellerina,TRUE,FALSE,FALSE,254366,283639
Bathyraja maculata,Bathyraja maculata,accepted,Bathyraja maculata,species,Elasmobranchii,Rajiformes,Arhynchobatidae,Bathyraja,TRUE,FALSE,FALSE,271520,341246
Bathyraja violacea,Bathyraja violacea,accepted,Bathyraja violacea,species,Elasmobranchii,Rajiformes,Arhynchobatidae,Bathyraja,TRUE,FALSE,FALSE,271540,392425
Trachipterus altivelis,Trachipterus altivelis,accepted,Trachipterus altivelis,species,Teleostei,Lampriformes,Trachipteridae,Trachipterus,TRUE,FALSE,FALSE,272531,320416
Chaenophryne melanorhabdus,Chaenophryne melanorhabdus,accepted,Chaenophryne melanorhabdus,species,Teleostei,Lophiiformes,Oneirodidae,Chaenophryne,TRUE,FALSE,FALSE,272616,412639
Oneirodes acanthias,Oneirodes acanthias,accepted,Oneirodes acanthias,species,Teleostei,Lophiiformes,Oneirodidae,Oneirodes,TRUE,FALSE,FALSE,272620,242955
Bassozetus zenkevitchi,Bassozetus zenkevitchi,accepted,Bassozetus zenkevitchi,species,Teleostei,Ophidiiformes,Ophidiidae,Bassozetus,TRUE,FALSE,FALSE,272795,181397
Pholis ornata,Pholis ornata,accepted,Pholis ornata,species,Teleostei,Perciformes,Pholidae,Pholis,TRUE,FALSE,FALSE,273692,283028
Chirolophis tarsodes,Chirolophis tarsodes,accepted,Chirolophis tarsodes,species,Teleostei,Perciformes,Stichaeidae,Chirolophis,TRUE,FALSE,FALSE,273991,NA
Sebastes polyspinis,Sebastes polyspinis,accepted,Sebastes polyspinis,species,Teleostei,Perciformes,Sebastidae,Sebastes,TRUE,FALSE,FALSE,274837,394702
Soldatovia polyactocephala,Soldatovia polyactocephala,accepted,Soldatovia polyactocephala,species,Teleostei,Perciformes,Stichaeidae,Soldatovia,TRUE,FALSE,FALSE,282820,NA
Sarda lineolata,Sarda lineolata,accepted,Sarda lineolata,species,Teleostei,Scombriformes,Scombridae,Sarda,TRUE,FALSE,FALSE,304449,NA
Pentaceros wheeleri,Pentaceros wheeleri,accepted,Pentaceros wheeleri,species,Teleostei,Acropomatiformes,Pentacerotidae,Pentaceros,TRUE,FALSE,FALSE,313241,257887
Bathylagoides wesethi,Bathylagoides wesethi,accepted,Bathylagoides wesethi,species,Teleostei,Argentiniformes,Bathylagidae,Bathylagoides,TRUE,FALSE,FALSE,712444,875769
Protomyctophum crockeri,Protomyctophum crockeri,accepted,Protomyctophum crockeri,species,Teleostei,Myctophiformes,Myctophidae,Protomyctophum,TRUE,FALSE,FALSE,272731,91656
Gadus morhua,Gadus morhua,accepted,Gadus morhua,species,Teleostei,Gadiformes,Gadidae,Gadus,TRUE,TRUE,FALSE,126436,8049
Cataetyx rubrirostris,Cataetyx rubrirostris,accepted,Cataetyx rubrirostris,species,Teleostei,Ophidiiformes,Bythitidae,Cataetyx,TRUE,FALSE,FALSE,272767,181404
Coryphaena hippurus,Coryphaena hippurus,accepted,Coryphaena hippurus,species,Teleostei,Carangiformes,Coryphaenidae,Coryphaena,TRUE,TRUE,FALSE,126846,34814
Morone saxatilis,Morone saxatilis,accepted,Morone saxatilis,species,Teleostei,Eupercaria incertae sedis,Moronidae,Morone,TRUE,TRUE,TRUE,151179,34816
Moenkhausia tridentata,Moenkhausia tridentata,accepted,Moenkhausia tridentata,species,Teleostei,Characiformes,Characidae,Moenkhausia,TRUE,FALSE,TRUE,254559,NA
Antimora rostrata,Antimora rostrata,accepted,Antimora rostrata,species,Teleostei,Gadiformes,Moridae,Antimora,TRUE,FALSE,FALSE,126486,473346
Coryphaenoides leptolepis,Coryphaenoides leptolepis,accepted,Coryphaenoides leptolepis,species,Teleostei,Gadiformes,Macrouridae,Coryphaenoides,TRUE,FALSE,FALSE,158959,216981
Tetragonurus cuvieri,Tetragonurus cuvieri,accepted,Tetragonurus cuvieri,species,Teleostei,Scombriformes,Tetragonuridae,Tetragonurus,TRUE,FALSE,FALSE,127080,316150
Bathyraja kincaidii,Bathyraja kincaidii,accepted,Bathyraja kincaidii,species,Elasmobranchii,Rajiformes,Arhynchobatidae,Bathyraja,TRUE,FALSE,FALSE,298828,1154593
Sebastes rufus,Sebastes rufus,accepted,Sebastes rufus,species,Teleostei,Perciformes,Sebastidae,Sebastes,TRUE,FALSE,FALSE,274847,72100
Anoplogaster cornuta,Anoplogaster cornuta,accepted,Anoplogaster cornuta,species,Teleostei,Trachichthyiformes,Anoplogastridae,Anoplogaster,TRUE,FALSE,FALSE,126393,88656
Lampadena urophaos,Lampadena urophaos,accepted,Lampadena urophaos,species,Teleostei,Myctophiformes,Myctophidae,Lampadena,TRUE,FALSE,FALSE,126609,319455
Salmo trutta,Salmo trutta,accepted,Salmo trutta,species,Teleostei,Salmoniformes,Salmonidae,Salmo,TRUE,TRUE,TRUE,127187,8032
Osteodiscus cascadiae,Osteodiscus cascadiae,accepted,Osteodiscus cascadiae,species,Teleostei,Perciformes,Liparidae,Osteodiscus,TRUE,FALSE,FALSE,281946,NA
Nezumia stelgidolepis,Nezumia stelgidolepis,accepted,Nezumia stelgidolepis,species,Teleostei,Gadiformes,Macrouridae,Nezumia,TRUE,FALSE,FALSE,272428,1154598
Congriscus megastoma,Congriscus megastoma,accepted,Congriscus megastoma,species,Teleostei,Anguilliformes,Congridae,Congriscus,TRUE,FALSE,FALSE,280374,NA
Bathyraja spinosissima,Bathyraja spinosissima,accepted,Bathyraja spinosissima,species,Elasmobranchii,Rajiformes,Arhynchobatidae,Bathyraja,TRUE,FALSE,FALSE,271536,2169489
Careproctus oregonensis,Careproctus oregonensis,accepted,Careproctus oregonensis,species,Teleostei,Perciformes,Liparidae,Careproctus,TRUE,FALSE,FALSE,274452,NA
Apodichthys fucorum,Apodichthys fucorum,accepted,Apodichthys fucorum,species,Teleostei,Perciformes,Pholidae,Apodichthys,TRUE,FALSE,FALSE,279665,57780
Chilara taylori,Chilara taylori,accepted,Chilara taylori,species,Teleostei,Ophidiiformes,Ophidiidae,Chilara,TRUE,TRUE,FALSE,280146,274688
Taranetzella lyoderma,Taranetzella lyoderma,accepted,Taranetzella lyoderma,species,Teleostei,Perciformes,Zoarcidae,Taranetzella,TRUE,FALSE,FALSE,282925,NA
Paraliparis latifrons,Paraliparis latifrons,accepted,Paraliparis latifrons,species,Teleostei,Perciformes,Liparidae,Paraliparis,TRUE,FALSE,FALSE,274591,NA
Idiacanthus antrostomus,Idiacanthus antrostomus,accepted,Idiacanthus antrostomus,species,Teleostei,Stomiiformes,Stomiidae,Idiacanthus,TRUE,FALSE,FALSE,275151,314241
Perca flavescens,Perca flavescens,accepted,Perca flavescens,species,Teleostei,Perciformes,Percidae,Perca,FALSE,TRUE,TRUE,275313,8167
Melanonus zugmayeri,Melanonus zugmayeri,accepted,Melanonus zugmayeri,species,Teleostei,Gadiformes,Melanonidae,Melanonus,TRUE,FALSE,FALSE,126483,181410
Allocyttus folletti,Allocyttus folletti,accepted,Allocyttus folletti,species,Teleostei,Zeiformes,Oreosomatidae,Allocyttus,TRUE,FALSE,FALSE,254555,319752
Careproctus longifilis,Careproctus longifilis,accepted,Careproctus longifilis,species,Teleostei,Perciformes,Liparidae,Careproctus,TRUE,FALSE,FALSE,274437,NA
Danaphos oculatus,Danaphos oculatus,accepted,Danaphos oculatus,species,Teleostei,Stomiiformes,Sternoptychidae,Danaphos,TRUE,FALSE,FALSE,280483,875787
Peprilus simillimus,Peprilus simillimus,accepted,Peprilus simillimus,species,Teleostei,Scombriformes,Stromateidae,Peprilus,TRUE,FALSE,FALSE,276563,320412
Clevelandia ios,Clevelandia ios,accepted,Clevelandia ios,species,Teleostei,Gobiiformes,Gobiidae,Clevelandia,TRUE,TRUE,FALSE,280215,185732
Richardsonius egregius,Richardsonius egregius,accepted,Richardsonius egregius,species,Teleostei,Cypriniformes,Cyprinidae,Richardsonius,TRUE,FALSE,TRUE,1019697,86934
Bathylychnops exilis,Bathylychnops exilis,accepted,Bathylychnops exilis,species,Teleostei,Argentiniformes,Opisthoproctidae,Bathylychnops,TRUE,FALSE,FALSE,126730,473350
Chiasmodon niger,Chiasmodon niger,accepted,Chiasmodon niger,species,Teleostei,Scombriformes,Chiasmodontidae,Chiasmodon,TRUE,FALSE,FALSE,126840,1154619
Nansenia crassa,Nansenia crassa,accepted,Nansenia crassa,species,Teleostei,Argentiniformes,Microstomatidae,Nansenia,TRUE,FALSE,FALSE,272927,2970949
Aphanopus arigato,Aphanopus arigato,accepted,Aphanopus arigato,species,Teleostei,Scombriformes,Trichiuridae,Aphanopus,TRUE,FALSE,FALSE,274008,1154592
Paraliparis mento,Paraliparis mento,accepted,Paraliparis mento,species,Teleostei,Perciformes,Liparidae,Paraliparis,TRUE,FALSE,FALSE,274597,NA
Argyropelecus lychnus,Argyropelecus lychnus,accepted,Argyropelecus lychnus,species,Teleostei,Stomiiformes,Sternoptychidae,Argyropelecus,TRUE,FALSE,FALSE,158836,875771
Careproctus filamentosus,Careproctus filamentosus,accepted,Careproctus filamentosus,species,Teleostei,Perciformes,Liparidae,Careproctus,TRUE,FALSE,FALSE,274428,NA
Liparis adiastolus,Liparis adiastolus,accepted,Liparis adiastolus,species,Teleostei,Perciformes,Liparidae,Liparis,TRUE,FALSE,FALSE,274498,NA
Cyprinus carpio,Cyprinus carpio,accepted,Cyprinus carpio,species,Teleostei,Cypriniformes,Cyprinidae,Cyprinus,FALSE,TRUE,TRUE,154582,7962
Lycenchelys pearcyi,Lycenchelys pearcyi,accepted,Lycenchelys pearcyi,species,Teleostei,Perciformes,Zoarcidae,Lycenchelys,TRUE,FALSE,FALSE,274076,NA
Cottus bairdii,Cottus bairdii,accepted,Cottus bairdii,species,Teleostei,Perciformes,Cottidae,Cottus,TRUE,FALSE,TRUE,578660,147208
Lepomis gibbosus,Lepomis gibbosus,accepted,Lepomis gibbosus,species,Teleostei,Centrarchiformes,Centrarchidae,Lepomis,FALSE,TRUE,TRUE,151290,270329
Opostomias mitsuii,Opostomias mitsuii,accepted,Opostomias mitsuii,species,Teleostei,Stomiiformes,Stomiidae,Opostomias,TRUE,FALSE,FALSE,281926,1604631
Hysterocarpus traskii,Hysterocarpus traskii,accepted,Hysterocarpus traskii,species,Teleostei,Ovalentaria incertae sedis,Embiotocidae,Hysterocarpus,FALSE,TRUE,TRUE,293619,100196
Sebastes chrysomelas,Sebastes chrysomelas,accepted,Sebastes chrysomelas,species,Teleostei,Perciformes,Sebastidae,Sebastes,TRUE,FALSE,FALSE,240737,394688
Nezumia liolepis,Nezumia liolepis,accepted,Nezumia liolepis,species,Teleostei,Gadiformes,Macrouridae,Nezumia,TRUE,FALSE,FALSE,272416,630687
Paraliparis megalopus,Paraliparis megalopus,accepted,Paraliparis megalopus,species,Teleostei,Perciformes,Liparidae,Paraliparis,TRUE,FALSE,FALSE,274595,NA
Cebidichthys violaceus,Cebidichthys violaceus,accepted,Cebidichthys violaceus,species,Teleostei,Perciformes,Cebidichthyidae,Cebidichthys,TRUE,FALSE,FALSE,280053,271503
Plectobranchus evides,Plectobranchus evides,accepted,Plectobranchus evides,species,Teleostei,Perciformes,Stichaeidae,Plectobranchus,TRUE,FALSE,FALSE,282283,57849
Sebastes rastrelliger,Sebastes rastrelliger,accepted,Sebastes rastrelliger,species,Teleostei,Perciformes,Sebastidae,Sebastes,TRUE,FALSE,FALSE,274839,72095
Beringraja inornata,Beringraja inornata,accepted,Beringraja inornata,species,Elasmobranchii,Rajiformes,Rajidae,Beringraja,TRUE,FALSE,FALSE,1461134,2838339
Gambusia affinis,Gambusia affinis,accepted,Gambusia affinis,species,Teleostei,Cyprinodontiformes,Poeciliidae,Gambusia,FALSE,TRUE,TRUE,159325,33528
Sebastes carnatus,Sebastes carnatus,accepted,Sebastes carnatus,species,Teleostei,Perciformes,Sebastidae,Sebastes,TRUE,FALSE,FALSE,274779,72062
Lyconema barbatum,Lyconema barbatum,accepted,Lyconema barbatum,species,Teleostei,Perciformes,Zoarcidae,Lyconema,TRUE,FALSE,FALSE,281449,320593
Microstoma microstoma,Microstoma microstoma,accepted,Microstoma microstoma,species,Teleostei,Argentiniformes,Microstomatidae,Microstoma,TRUE,FALSE,FALSE,126724,880961
Fundulus diaphanus,Fundulus diaphanus,accepted,Fundulus diaphanus,species,Teleostei,Cyprinodontiformes,Fundulidae,Fundulus,FALSE,TRUE,TRUE,159296,54267
Serrivomer sector,Serrivomer sector,accepted,Serrivomer sector,species,Teleostei,Anguilliformes,Serrivomeridae,Serrivomer,TRUE,FALSE,FALSE,272005,290102
Alepisaurus ferox,Alepisaurus ferox,accepted,Alepisaurus ferox,species,Teleostei,Aulopiformes,Alepisauridae,Alepisaurus,TRUE,FALSE,FALSE,126333,88653
Ceratoscopelus townsendi,Ceratoscopelus townsendi,accepted,Ceratoscopelus townsendi,species,Teleostei,Myctophiformes,Myctophidae,Ceratoscopelus,TRUE,FALSE,FALSE,272656,875772
Chaenophryne longiceps,Chaenophryne longiceps,accepted,Chaenophryne longiceps,species,Teleostei,Lophiiformes,Oneirodidae,Chaenophryne,TRUE,FALSE,FALSE,126560,740694
Embiotoca jacksoni,Embiotoca jacksoni,accepted,Embiotoca jacksoni,species,Teleostei,Ovalentaria incertae sedis,Embiotocidae,Embiotoca,TRUE,FALSE,FALSE,240746,100190
Argentina sialis,Argentina sialis,accepted,Argentina sialis,species,Teleostei,Argentiniformes,Argentinidae,Argentina,TRUE,TRUE,FALSE,272897,260512
Benthodesmus pacificus,Benthodesmus pacificus,accepted,Benthodesmus pacificus,species,Teleostei,Scombriformes,Trichiuridae,Benthodesmus,TRUE,FALSE,FALSE,274013,1738883
Brosmophycis marginata,Brosmophycis marginata,accepted,Brosmophycis marginata,species,Teleostei,Ophidiiformes,Bythitidae,Brosmophycis,TRUE,FALSE,FALSE,280000,334377
Hyperprosopon ellipticum,Hyperprosopon ellipticum,accepted,Hyperprosopon ellipticum,species,Teleostei,Ovalentaria incertae sedis,Embiotocidae,Hyperprosopon,TRUE,FALSE,FALSE,281099,1045556
Bathysaurus mollis,Bathysaurus mollis,accepted,Bathysaurus mollis,species,Teleostei,Aulopiformes,Bathysauridae,Bathysaurus,TRUE,FALSE,FALSE,126370,1126214
Salvelinus fontinalis,Salvelinus fontinalis,accepted,Salvelinus fontinalis,species,Teleostei,Salmoniformes,Salmonidae,Salvelinus,TRUE,TRUE,TRUE,154241,8038
Lamprogrammus niger,Lamprogrammus niger,accepted,Lamprogrammus niger,species,Teleostei,Ophidiiformes,Ophidiidae,Lamprogrammus,TRUE,FALSE,FALSE,126672,228346
Notemigonus crysoleucas,Notemigonus crysoleucas,accepted,Notemigonus crysoleucas,species,Teleostei,Cypriniformes,Cyprinidae,Notemigonus,FALSE,TRUE,TRUE,159989,28800
Physiculus rastrelliger,Physiculus rastrelliger,accepted,Physiculus rastrelliger,species,Teleostei,Gadiformes,Moridae,Physiculus,TRUE,FALSE,FALSE,272510,740704
Carassius auratus,Carassius auratus,accepted,Carassius auratus,species,Teleostei,Cypriniformes,Cyprinidae,Carassius,FALSE,TRUE,TRUE,154298,7957
Dicrolene filamentosa,Dicrolene filamentosa,accepted,Dicrolene filamentosa,species,Teleostei,Ophidiiformes,Ophidiidae,Dicrolene,TRUE,FALSE,FALSE,275892,2048735
Icelinus oculatus,Icelinus oculatus,accepted,Icelinus oculatus,species,Teleostei,Perciformes,Cottidae,Icelinus,TRUE,FALSE,FALSE,281139,305509
Poromitra curilensis,Poromitra curilensis,accepted,Poromitra curilensis,species,Teleostei,Beryciformes,Melamphaidae,Poromitra,TRUE,FALSE,FALSE,474945,1828457
Maulisia argipalla,Maulisia argipalla,accepted,Maulisia argipalla,species,Teleostei,Alepocephaliformes,Platytroctidae,Maulisia,TRUE,FALSE,FALSE,126741,473320
Thunnus alalunga,Thunnus alalunga,accepted,Thunnus alalunga,species,Teleostei,Scombriformes,Scombridae,Thunnus,TRUE,FALSE,FALSE,127026,NA
Pachycara bulbiceps,Pachycara bulbiceps,accepted,Pachycara bulbiceps,species,Teleostei,Perciformes,Zoarcidae,Pachycara,TRUE,FALSE,FALSE,127121,NA
Barbourisia rufa,Barbourisia rufa,accepted,Barbourisia rufa,species,Teleostei,Beryciformes,Barbourisiidae,Barbourisia,TRUE,FALSE,FALSE,159425,88660
Paralichthys californicus,Paralichthys californicus,accepted,Paralichthys californicus,species,Teleostei,Pleuronectiformes,Paralichthyidae,Paralichthys,TRUE,TRUE,FALSE,275809,319776
Acanthogobius flavimanus,Acanthogobius flavimanus,accepted,Acanthogobius flavimanus,species,Teleostei,Gobiiformes,Gobiidae,Acanthogobius,TRUE,TRUE,TRUE,279475,86203
Clidoderma asperrimum,Clidoderma asperrimum,accepted,Clidoderma asperrimum,species,Teleostei,Pleuronectiformes,Pleuronectidae,Clidoderma,TRUE,FALSE,FALSE,280216,255560
Zaniolepis frenata,Zaniolepis frenata,accepted,Zaniolepis frenata,species,Teleostei,Perciformes,Zaniolepididae,Zaniolepis,TRUE,FALSE,FALSE,283208,274743
Anotopterus pharao,Anotopterus pharao,accepted,Anotopterus pharao,species,Teleostei,Aulopiformes,Anotopteridae,Anotopterus,TRUE,FALSE,FALSE,126334,172142
Sternoptyx diaphana,Sternoptyx diaphana,accepted,Sternoptyx diaphana,species,Teleostei,Stomiiformes,Sternoptychidae,Sternoptyx,TRUE,FALSE,FALSE,127314,81873
Brama japonica,Brama japonica,accepted,Brama japonica,species,Teleostei,Scombriformes,Bramidae,Brama,TRUE,FALSE,FALSE,273148,215352
Careproctus microstomus,Careproctus microstomus,accepted,Careproctus microstomus,species,Teleostei,Perciformes,Liparidae,Careproctus,TRUE,FALSE,FALSE,274446,NA
Paraliparis ulochir,Paraliparis ulochir,accepted,Paraliparis ulochir,species,Teleostei,Perciformes,Liparidae,Paraliparis,TRUE,FALSE,FALSE,274612,2563672
Sebastes semicinctus,Sebastes semicinctus,accepted,Sebastes semicinctus,species,Teleostei,Perciformes,Sebastidae,Sebastes,TRUE,FALSE,FALSE,274851,320568
Sigmops gracilis,Sigmops gracilis,accepted,Sigmops gracilis,species,Teleostei,Stomiiformes,Gonostomatidae,Sigmops,TRUE,FALSE,FALSE,279336,48457
Amphistichus rhodoterus,Amphistichus rhodoterus,accepted,Amphistichus rhodoterus,species,Teleostei,Ovalentaria incertae sedis,Embiotocidae,Amphistichus,TRUE,TRUE,FALSE,279596,72546
Taractes asper,Taractes asper,accepted,Taractes asper,species,Teleostei,Scombriformes,Bramidae,Taractes,TRUE,FALSE,FALSE,126786,302046
Cyclothone signata,Cyclothone signata,accepted,Cyclothone signata,species,Teleostei,Stomiiformes,Gonostomatidae,Cyclothone,TRUE,FALSE,FALSE,154831,48453
Sebastes ensifer,Sebastes ensifer,accepted,Sebastes ensifer,species,Teleostei,Perciformes,Sebastidae,Sebastes,TRUE,FALSE,FALSE,274790,72072
Borostomias panamensis,Borostomias panamensis,accepted,Borostomias panamensis,species,Teleostei,Stomiiformes,Stomiidae,Borostomias,TRUE,FALSE,FALSE,275052,740691
Lycodapus parviceps,Lycodapus parviceps,accepted,Lycodapus parviceps,species,Teleostei,Perciformes,Zoarcidae,Lycodapus,TRUE,FALSE,FALSE,279393,1772030
Coelorinchus scaphopsis,Coelorinchus scaphopsis,accepted,Coelorinchus scaphopsis,species,Teleostei,Gadiformes,Macrouridae,Coelorinchus,TRUE,FALSE,FALSE,280334,319433
Tetronarce californica,Tetronarce californica,accepted,Tetronarce californica,species,Elasmobranchii,Torpediniformes,Torpedinidae,Tetronarce,TRUE,FALSE,FALSE,845703,7787
Melanocetus johnsonii,Melanocetus johnsonii,accepted,Melanocetus johnsonii,species,Teleostei,Lophiiformes,Melanocetidae,Melanocetus,TRUE,FALSE,FALSE,126556,242962
Brama brama,Brama brama,accepted,Brama brama,species,Teleostei,Scombriformes,Bramidae,Brama,TRUE,FALSE,FALSE,126783,349651
Careproctus ovigerus,Careproctus ovigerus,accepted,Careproctus ovigerus,species,Teleostei,Perciformes,Liparidae,Careproctus,TRUE,FALSE,FALSE,274454,NA
Sebastes levis,Sebastes levis,accepted,Sebastes levis,species,Teleostei,Perciformes,Sebastidae,Sebastes,TRUE,FALSE,FALSE,274812,72083
Eucyclogobius newberryi,Eucyclogobius newberryi,accepted,Eucyclogobius newberryi,species,Teleostei,Gobiiformes,Gobiidae,Eucyclogobius,TRUE,TRUE,FALSE,280737,166745
Gibbonsia montereyensis,Gibbonsia montereyensis,accepted,Gibbonsia montereyensis,species,Teleostei,Blenniiformes,Clinidae,Gibbonsia,TRUE,FALSE,FALSE,280836,57803
Rondeletia loricata,Rondeletia loricata,accepted,Rondeletia loricata,species,Teleostei,Beryciformes,Rondeletiidae,Rondeletia,TRUE,FALSE,FALSE,126412,88713
Caulophryne jordani,Caulophryne jordani,accepted,Caulophryne jordani,species,Teleostei,Lophiiformes,Caulophrynidae,Caulophryne,TRUE,FALSE,FALSE,126534,717990
Cryptopsaras couesii,Cryptopsaras couesii,accepted,Cryptopsaras couesii,species,Teleostei,Lophiiformes,Ceratiidae,Cryptopsaras,TRUE,FALSE,FALSE,126538,412659
Eurypharynx pelecanoides,Eurypharynx pelecanoides,accepted,Eurypharynx pelecanoides,species,Teleostei,Anguilliformes,Eurypharyngidae,Eurypharynx,TRUE,FALSE,FALSE,127165,55117
Liparis fabricii,Liparis fabricii,accepted,Liparis fabricii,species,Teleostei,Perciformes,Liparidae,Liparis,TRUE,FALSE,FALSE,127218,241823
Venefica procera,Venefica procera,accepted,Venefica procera,species,Teleostei,Anguilliformes,Nettastomatidae,Venefica,TRUE,FALSE,FALSE,158593,1232747
Fistularia petimba,Fistularia petimba,accepted,Fistularia petimba,species,Teleostei,Syngnathiformes,Fistulariidae,Fistularia,TRUE,TRUE,FALSE,159439,206154
Nezumia bairdii,Nezumia bairdii,accepted,Nezumia bairdii,species,Teleostei,Gadiformes,Macrouridae,Nezumia,TRUE,FALSE,FALSE,183289,1311468
Mentodus eubranchus,Mentodus eubranchus,accepted,Mentodus eubranchus,species,Teleostei,Alepocephaliformes,Platytroctidae,Mentodus,TRUE,FALSE,FALSE,272950,NA
Sebastes atrovirens,Sebastes atrovirens,accepted,Sebastes atrovirens,species,Teleostei,Perciformes,Sebastidae,Sebastes,TRUE,FALSE,FALSE,274772,72056
Sebastes rosaceus,Sebastes rosaceus,accepted,Sebastes rosaceus,species,Teleostei,Perciformes,Sebastidae,Sebastes,TRUE,FALSE,FALSE,274841,72096
Sphoeroides nephelus,Sphoeroides nephelus,accepted,Sphoeroides nephelus,species,Teleostei,Tetraodontiformes,Tetraodontidae,Sphoeroides,TRUE,TRUE,FALSE,275280,39110
Amphistichus koelzi,Amphistichus koelzi,accepted,Amphistichus koelzi,species,Teleostei,Ovalentaria incertae sedis,Embiotocidae,Amphistichus,TRUE,FALSE,FALSE,279595,1045555
Parvilux ingens,Parvilux ingens,accepted,Parvilux ingens,species,Teleostei,Myctophiformes,Myctophidae,Parvilux,TRUE,FALSE,FALSE,282178,717805
Pleuronichthys verticalis,Pleuronichthys verticalis,accepted,Pleuronichthys verticalis,species,Teleostei,Pleuronectiformes,Pleuronectidae,Pleuronichthys,TRUE,FALSE,FALSE,282295,195635
Kyphosus azureus,Kyphosus azureus,accepted,Kyphosus azureus,species,Teleostei,Centrarchiformes,Kyphosidae,Kyphosus,TRUE,FALSE,FALSE,1019728,2838349
Diretmoides pauciradiatus,Diretmoides pauciradiatus,accepted,Diretmoides pauciradiatus,species,Teleostei,Trachichthyiformes,Diretmidae,Diretmoides,TRUE,FALSE,FALSE,126397,1415272
Neoscopelus macrolepidotus,Neoscopelus macrolepidotus,accepted,Neoscopelus macrolepidotus,species,Teleostei,Myctophiformes,Neoscopelidae,Neoscopelus,TRUE,FALSE,FALSE,126634,88701
Bajacalifornia megalops,Bajacalifornia megalops,accepted,Bajacalifornia megalops,species,Teleostei,Alepocephaliformes,Alepocephalidae,Bajacalifornia,TRUE,FALSE,FALSE,126687,492034
Pachystomias microdon,Pachystomias microdon,accepted,Pachystomias microdon,species,Teleostei,Stomiiformes,Stomiidae,Pachystomias,TRUE,FALSE,FALSE,127367,436884
Acanthostracion quadricornis,Acanthostracion quadricornis,accepted,Acanthostracion quadricornis,species,Teleostei,Tetraodontiformes,Ostraciidae,Acanthostracion,TRUE,FALSE,FALSE,158920,587042
Benthodesmus tenuis,Benthodesmus tenuis,accepted,Benthodesmus tenuis,species,Teleostei,Scombriformes,Trichiuridae,Benthodesmus,TRUE,FALSE,FALSE,159834,1219340
Gigantactis microdontis,Gigantactis microdontis,accepted,Gigantactis microdontis,species,Teleostei,Lophiiformes,Gigantactinidae,Gigantactis,TRUE,FALSE,FALSE,272567,3119957
Bajacalifornia erimoensis,Bajacalifornia erimoensis,accepted,Bajacalifornia erimoensis,species,Teleostei,Alepocephaliformes,Alepocephalidae,Bajacalifornia,TRUE,FALSE,FALSE,272858,NA
Sebastes ovalis,Sebastes ovalis,accepted,Sebastes ovalis,species,Teleostei,Perciformes,Sebastidae,Sebastes,TRUE,FALSE,FALSE,274830,72092
Paramonacanthus choirocephalus,Paramonacanthus choirocephalus,accepted,Paramonacanthus choirocephalus,species,Teleostei,Tetraodontiformes,Monacanthidae,Paramonacanthus,TRUE,FALSE,FALSE,278918,392923
Clinocottus analis,Clinocottus analis,accepted,Clinocottus analis,species,Teleostei,Perciformes,Cottidae,Clinocottus,TRUE,FALSE,FALSE,280219,304258
Genyonemus lineatus,Genyonemus lineatus,accepted,Genyonemus lineatus,species,Teleostei,Eupercaria incertae sedis,Sciaenidae,Genyonemus,TRUE,FALSE,FALSE,280830,320395
Medialuna californiensis,Medialuna californiensis,accepted,Medialuna californiensis,species,Teleostei,Centrarchiformes,Scorpididae,Medialuna,TRUE,FALSE,FALSE,281541,314243
Kajikia audax,Kajikia audax,accepted,Kajikia audax,species,Teleostei,Carangiformes,Istiophoridae,Kajikia,TRUE,FALSE,FALSE,712907,13721
Alopias vulpinus,Alopias vulpinus,accepted,Alopias vulpinus,species,Elasmobranchii,Lamniformes,Alopiidae,Alopias,TRUE,FALSE,FALSE,105836,7852
Loweina rara,Loweina rara,accepted,Loweina rara,species,Teleostei,Myctophiformes,Myctophidae,Loweina,TRUE,FALSE,FALSE,126625,1519984
Rouleina attrita,Rouleina attrita,accepted,Rouleina attrita,species,Teleostei,Alepocephaliformes,Alepocephalidae,Rouleina,TRUE,FALSE,FALSE,126709,700664
Hippocampus erectus,Hippocampus erectus,accepted,Hippocampus erectus,species,Teleostei,Syngnathiformes,Syngnathidae,Hippocampus,TRUE,FALSE,FALSE,159445,109281
Ellochelon vaigiensis,Ellochelon vaigiensis,accepted,Ellochelon vaigiensis,species,Teleostei,Mugiliformes,Mugilidae,Ellochelon,TRUE,TRUE,TRUE,218878,1111475
Hypomesus olidus,Hypomesus olidus,accepted,Hypomesus olidus,species,Teleostei,Osmeriformes,Osmeridae,Hypomesus,TRUE,TRUE,TRUE,254556,240830
Lepidopus fitchi,Lepidopus fitchi,accepted,Lepidopus fitchi,species,Teleostei,Scombriformes,Trichiuridae,Lepidopus,TRUE,FALSE,FALSE,274018,515182
Caulolatilus princeps,Caulolatilus princeps,accepted,Caulolatilus princeps,species,Teleostei,Eupercaria incertae sedis,Malacanthidae,Caulolatilus,TRUE,FALSE,FALSE,276217,319437
Paramonacanthus sulcatus,Paramonacanthus sulcatus,accepted,Paramonacanthus sulcatus,species,Teleostei,Tetraodontiformes,Monacanthidae,Paramonacanthus,TRUE,FALSE,FALSE,278929,435130
Clinocottus recalvus,Clinocottus recalvus,accepted,Clinocottus recalvus,species,Teleostei,Perciformes,Cottidae,Clinocottus,TRUE,FALSE,FALSE,280222,283633
Zaniolepis latipinnis,Zaniolepis latipinnis,accepted,Zaniolepis latipinnis,species,Teleostei,Perciformes,Zaniolepididae,Zaniolepis,TRUE,FALSE,FALSE,283209,283621
Symphurus atricauda,Symphurus atricauda,accepted,Symphurus atricauda,species,Teleostei,Pleuronectiformes,Cynoglossidae,Symphurus,TRUE,FALSE,FALSE,305635,NA
Hypocritichthys analis,Hypocritichthys analis,accepted,Hypocritichthys analis,species,Teleostei,Ovalentaria incertae sedis,Embiotocidae,Hypocritichthys,TRUE,FALSE,FALSE,1804082,NA
Stylephorus chordatus,Stylephorus chordatus,accepted,Stylephorus chordatus,species,Teleostei,Stylephoriformes,Stylephoridae,Stylephorus,TRUE,FALSE,FALSE,126526,409996
Ceratias holboelli,Ceratias holboelli,accepted,Ceratias holboelli,species,Teleostei,Lophiiformes,Ceratiidae,Ceratias,TRUE,FALSE,FALSE,126537,206108
Gigantactis vanhoeffeni,Gigantactis vanhoeffeni,accepted,Gigantactis vanhoeffeni,species,Teleostei,Lophiiformes,Gigantactinidae,Gigantactis,TRUE,FALSE,FALSE,126542,242958
Conocara salmoneum,Conocara salmoneum,accepted,Conocara salmoneum,species,Teleostei,Alepocephaliformes,Alepocephalidae,Conocara,TRUE,FALSE,FALSE,126698,1126216
Howella brodiei,Howella brodiei,accepted,Howella brodiei,species,Teleostei,Acropomatiformes,Howellidae,Howella,TRUE,FALSE,FALSE,126994,390340
Argyropelecus affinis,Argyropelecus affinis,accepted,Argyropelecus affinis,species,Teleostei,Stomiiformes,Sternoptychidae,Argyropelecus,TRUE,FALSE,FALSE,127307,81869
Epinephelus areolatus,Epinephelus areolatus,accepted,Epinephelus areolatus,species,Teleostei,Perciformes,Epinephelidae,Epinephelus,TRUE,FALSE,FALSE,218204,160715
Sebastes hopkinsi,Sebastes hopkinsi,accepted,Sebastes hopkinsi,species,Teleostei,Perciformes,Sebastidae,Sebastes,TRUE,FALSE,FALSE,274800,72080
Sternoptyx obscura,Sternoptyx obscura,accepted,Sternoptyx obscura,species,Teleostei,Stomiiformes,Sternoptychidae,Sternoptyx,TRUE,FALSE,FALSE,275004,81875
Atherinops affinis,Atherinops affinis,accepted,Atherinops affinis,species,Teleostei,Atheriniformes,Atherinidae,Atherinops,TRUE,TRUE,FALSE,279812,238741
Icelinus fimbriatus,Icelinus fimbriatus,accepted,Icelinus fimbriatus,species,Teleostei,Perciformes,Cottidae,Icelinus,TRUE,FALSE,FALSE,281137,320611
Mirorictus taningi,Mirorictus taningi,accepted,Mirorictus taningi,species,Teleostei,Alepocephaliformes,Platytroctidae,Mirorictus,TRUE,FALSE,FALSE,281579,740930
Xenomystax atrarius,Xenomystax atrarius,accepted,Xenomystax atrarius,species,Teleostei,Anguilliformes,Congridae,Xenomystax,TRUE,FALSE,FALSE,283188,2048767
Lampanyctus niger,Lampanyctus niger,accepted,Lampanyctus niger,species,Teleostei,Myctophiformes,Myctophidae,Lampanyctus,TRUE,FALSE,FALSE,301537,3041308
Hyperprosopon argenteum,Hyperprosopon argenteum,accepted,Hyperprosopon argenteum,species,Teleostei,Ovalentaria incertae sedis,Embiotocidae,Hyperprosopon,TRUE,FALSE,FALSE,281098,100192
Amphiprion frenatus,Amphiprion frenatus,accepted,Amphiprion frenatus,species,Teleostei,Ovalentaria incertae sedis,Pomacentridae,Amphiprion,TRUE,FALSE,FALSE,278394,80971
Chirolophis japonicus,Chirolophis japonicus,accepted,Chirolophis japonicus,species,Teleostei,Perciformes,Stichaeidae,Chirolophis,TRUE,FALSE,FALSE,273989,476915
Amphiprion perideraion,Amphiprion perideraion,accepted,Amphiprion perideraion,species,Teleostei,Ovalentaria incertae sedis,Pomacentridae,Amphiprion,TRUE,TRUE,FALSE,278403,80973
Nautichthys robustus,Nautichthys robustus,accepted,Nautichthys robustus,species,Teleostei,Perciformes,Hemitripteridae,Nautichthys,TRUE,FALSE,FALSE,254401,557353
Tinca tinca,Tinca tinca,accepted,Tinca tinca,species,Teleostei,Cypriniformes,Tincidae,Tinca,FALSE,TRUE,TRUE,154343,27717
Ammodytes tobianus,Ammodytes tobianus,accepted,Ammodytes tobianus,species,Teleostei,Perciformes,Ammodytidae,Ammodytes,TRUE,TRUE,FALSE,126752,84621
Rhincodon typus,Rhincodon typus,accepted,Rhincodon typus,species,Elasmobranchii,Orectolobiformes,Rhincodontidae,Rhincodon,TRUE,FALSE,FALSE,105847,259920
Molva molva,Molva molva,accepted,Molva molva,species,Teleostei,Gadiformes,Lotidae,Molva,TRUE,FALSE,FALSE,126461,163112
Aphareus rutilans,Aphareus rutilans,accepted,Aphareus rutilans,species,Teleostei,Eupercaria incertae sedis,Lutjanidae,Aphareus,TRUE,FALSE,FALSE,218468,443676
Lutjanus fulvus,Lutjanus fulvus,accepted,Lutjanus fulvus,species,Teleostei,Eupercaria incertae sedis,Lutjanidae,Lutjanus,TRUE,TRUE,TRUE,218475,260524
Stegastes partitus,Stegastes partitus,accepted,Stegastes partitus,species,Teleostei,Ovalentaria incertae sedis,Pomacentridae,Stegastes,TRUE,FALSE,FALSE,276677,144197
Stegastes planifrons,Stegastes planifrons,accepted,Stegastes planifrons,species,Teleostei,Ovalentaria incertae sedis,Pomacentridae,Stegastes,TRUE,FALSE,FALSE,276679,159713
Seriphus politus,Seriphus politus,accepted,Seriphus politus,species,Teleostei,Eupercaria incertae sedis,Sciaenidae,Seriphus,TRUE,FALSE,FALSE,282761,515231
Sternoptyx pseudobscura,Sternoptyx pseudobscura,accepted,Sternoptyx pseudobscura,species,Teleostei,Stomiiformes,Sternoptychidae,Sternoptyx,TRUE,FALSE,FALSE,127315,320404
Pholis fasciata,Pholis fasciata,accepted,Pholis fasciata,species,Teleostei,Perciformes,Pholidae,Pholis,TRUE,FALSE,FALSE,159846,980340
Plectroglyphidodon sindonis,Plectroglyphidodon sindonis,accepted,Plectroglyphidodon sindonis,species,Teleostei,Ovalentaria incertae sedis,Pomacentridae,Plectroglyphidodon,TRUE,FALSE,FALSE,277234,NA
Agonomalus mozinoi,Agonomalus mozinoi,accepted,Agonomalus mozinoi,species,Teleostei,Perciformes,Agonidae,Agonomalus,TRUE,FALSE,FALSE,279517,2838345
Misgurnus anguillicaudatus,Misgurnus anguillicaudatus,accepted,Misgurnus anguillicaudatus,species,Teleostei,Cypriniformes,Cobitidae,Misgurnus,FALSE,TRUE,TRUE,991279,75329
Gempylus serpens,Gempylus serpens,accepted,Gempylus serpens,species,Teleostei,Scombriformes,Gempylidae,Gempylus,TRUE,FALSE,FALSE,126862,13543
Acantholumpenus mackayi,Acantholumpenus mackayi,accepted,Acantholumpenus mackayi,species,Teleostei,Perciformes,Lumpenidae,Acantholumpenus,TRUE,TRUE,FALSE,249703,1049575
Triakis semifasciata,Triakis semifasciata,accepted,Triakis semifasciata,species,Elasmobranchii,Carcharhiniformes,Triakidae,Triakis,TRUE,TRUE,FALSE,279060,30493
Phanerodon atripes,Phanerodon atripes,accepted,Phanerodon atripes,species,Teleostei,Ovalentaria incertae sedis,Embiotocidae,Phanerodon,TRUE,FALSE,FALSE,279409,305784
